Gloss,Class (Bowern 2007),Portuguese,Spanish,French,Korlai,Source Korlai,Daman,Source Daman,Diu,Source Diu,Sri Lanka PT,Source Sri Lanka PT,Kannur,Source Kannur,Malacca,Source Malacca,Macao,Source Macau,Tugu/Batavia,Source Tugu/Batavia,Santiago CV,Source Santiago CV,Santo Antão CV,Source Santo Antão CV,São Vicente CV,Source São Vicente CV,Fogo CV,Source Fogo CV,Brava CV,Source Brava CV,Santome,Source Santome CV,Fá d'Ambô,Source Fá d'Ambô,Principense,Source Principense,Angolar,Source Angolar,Guinea Bissau,Source Guinea Bissau,Casamancese,Source Casamancese,Papiamento,Source Papiamento,Palenquero,Source Palenquero,Cavite Chabacano,Source Cavite Chabacano,Ternate Chabacano,Source Ternate Chabacano,Zamboanga Chabacano,Source Zamboanga Chabacano,Karipuna,Source Karipuna,Guianese,Source Guianese,Louisiana,Source Louisiana,Haitian,Source Haitian,Guadeloupean,Source Guadeloupean,Martinican,Source Martinican,Saint Lucian,Source Saint Lucian,Mauritian,Source Mauritian,Réunionese,Source Réunionese,Seychellois,Source Seychellois
all,quant,todo,todo,tout,tud,Clements2012,tud,Clements2012,tud,Clements2012,tudu,Clements2012,tudə,Clements2012,tudu,BaxterSilva2004,tudu,FernandesBaxter2001,tudu,Maurer2011,tudu,Quint1998,tud,Baptista2014,tudu,Swolkien2015,tudu,Tavares2020,tudu,Baptista2019,tudu,AraujoHagemeijer2013,tudu,HagemeijerMaurer-CecchiniSegorbe2020,tudu,Bandeira2017,tudu,Bandeira2017,tudu,SilvaAfonsoMachadoCunhaMarquesFernandesGianfranchiJúniorBorgesMartinsZardoLimaMendesTrigo2024,tudu,Biagui2012,tuɾ,Quint2000,too,Schwegler2000,todu,Diccionario2008,todu,Sippola2011,todu,DeCastro2019,tut,Tobler 1983,tut,Barthèlemi 2007,tu,Valdman et al. 1999,tu,Wittmann 1973,tut,Barbotin & Tourenux 2000,tut,Confiant 2007,tut,Frank 2001,tu,Wittmann 1973,tu,Baker 1982,tu,Baker 1982
and,conj,e,"y, e",et,ani,Clements2011,ku,Clements2011,ku,Clements2012,kum,Clements2012,kum,Clements2012,ku,BaxterSilva2004,e,FernandesBaxter2001,dan,Maurer2011,ku,Quint1998,i,Baptista2019,i,Baptista2019,ku,Baptista2019,ku,Baptista2019,i,AraujoHagemeijer2013,a,HagemeijerMaurer-CecchiniSegorbe2020,i,Araujo2012,ki,Cosme2014,ɛ,SilvaAfonsoMachadoCunhaMarquesFernandesGianfranchiJúniorBorgesMartinsZardoLimaMendesTrigo2024,i,Biagui2012,i,JacobsHoyer2018,i,Schwegler2000,i,Diccionario2008,i,Sippola2011,i,DeCastro2019,ke,Tobler 1983,ke,Barthèlemi 2007,e,Valdman et al. 1999,e,Wittmann 1973,ɛk,Barbotin & Tourenux 2000,ɛk,Confiant 2007,avɛk,Mondesir 1992,ek,Wittmann 1973,,,e,"Michaelis, Rosalie & Muhme 2009"
animal,animal,animal,animal,animal,animal,Clements2011,animal,Clements2011,animal,Clements2012,animaːl,Clements2012,animal,Clements2012,animal,BaxterSilva2004,bitʃu,FernandesBaxter2001,animal,Maurer2011,bitʃu,Quint1998,bitʃ,Baptista2014,ɐnimal,Baptista2019,limaɾjɐ,Baptista2019,limaɾjɐ,Baptista2019,bisu,AraujoHagemeijer2013,limaja,Bandeira2017,nimalɪ,Araujo2012,biθu,Cosme2014,limaɾia,SilvaAfonsoMachadoCunhaMarquesFernandesGianfranchiJúniorBorgesMartinsZardoLimaMendesTrigo2024,limariɟa,Biagui2012,animal,JacobsHoyer2018,anima,Estrada2005,animal,Diccionario2008,animal,Sippola2011,animal,DeCastro2019,bɛt,Tobler 1987,bɛt,Barthèlemi 2007,betaj,Valdman et al. 1999,bɛt,Wittmann 1973,bɛt,Barbotin & Tourenux 2000,bet,Confiant 2007,zãnimo,Mondesir 1992,zanimo,Wittmann 1973,,,zãnimo,"Michaelis, Rosalie & Muhme 2009"
ashes,environment,cinza,ceniza,cendre,sints,Clements2011,sĩz,Clements2011,sĩz,Clements2012,siːnza,Clements2012,sinzə,Clements2012,sinza,BaxterSilva2004,,,sindʒa,Maurer2011,sĩsɐ,Quint1998,sĩz,Baptista2014,sĩzɐ,Baptista2019,sĩza,Baptista2019,sĩza,Baptista2019,ʃĩdʒa,AraujoHagemeijer2013,ʃĩzɐ,Cosme2014,ʃize,Araujo2012,xĩdʒa,Cosme2014,sĩsa,SilvaAfonsoMachadoCunhaMarquesFernandesGianfranchiJúniorBorgesMartinsZardoLimaMendesTrigo2024,sĩsa,Biagui2012,ʃiniʃa,Quint2000,sinisa,Hancock1975,sinisa,Diccionario2008,sinisa,Sippola2011,sinisa,DeCastro2019,sãn,Tobler 1987,san,Barthèlemi 2007,lasãn,Valdman et al. 1999,sã,Wittmann 1973,sãn,Barbotin & Tourenux 2000,sãn,Confiant 2007,sãn,Frank 2001,lasan,Wittmann 1973,sã,Baker 1982,lasã,Baker 1982
at,location,"em, no, na","en, a",a,nə,Clements2012,nə,Clements2012,pɛɾtdə,Clements2012,ntu,Clements2012,,,na,BaxterSilva2004,na,FernandesBaxter2001,,,nɐ,Quint1998,nɐ,Baptista2014,nɐ,Swolkien2015,nɐ,Baptista2019,nɐ,Baptista2019,ni,AraujoHagemeijer2013,ɛ̃,Cosme2014,na,Cosme2014,ni,Cosme2014,,,,,na,JacobsHoyer2018,en,Estrada2005,na,Diccionario2008,na,Sippola2011,na,DeCastro2019,la,Tobler 1983,la,Barthèlemi 2007,a,Valdman et al. 1999,a,Wittmann 1973,a,Barbotin & Tourenux 2000,pakote,Confiant 2007,a,Mondesir 1992,a,Wittmann 1973,,,kot,"Michaelis, Rosalie & Muhme 2009"
back,body part,costas,espalda,dos,kɔs,Clements2012,kɔs,Clements2011,kɔs,Clements2012,kɔːsta,Clements2012,kɔstə,Clements2012,kosta,BaxterSilva2004,kosta,FernandesBaxter2001,kosta,Maurer2011,kɔstɐ,Quint1998,kɔʃtɐ,Baptista2019,kɔʃtɐ,Baptista2019,kostɐ,Baptista2019,kostɐ,Baptista2019,ˈtlaʃi,AraujoHagemeijer2013,lomba,HagemeijerMaurer-CecchiniSegorbe2020,taːʃi,Cosme2014,nθusi,Cosme2014,kosta,SilvaAfonsoMachadoCunhaMarquesFernandesGianfranchiJúniorBorgesMartinsZardoLimaMendesTrigo2024,ˈkosta,Biagui2012,lomba,JacobsHoyer2018,lomo,Mercado2026,ispalda,Diccionario2008,tɾas,Sippola2011,atɾas,DeCastro2019,do,Tobler 1983,do,Barthèlemi 2007,lanvɛɾ,Valdman et al. 1999,dɔ,Wittmann 1973,do,Barbotin & Tourenux 2000,do,Confiant 2007,do,Mondesir 1992,ledo,Wittmann 1973,,,ledo,"Michaelis, Rosalie & Muhme 2009"
bad,adjective,mau,malo,mauvais,maw,Clements2011,maw,Clements2011,mal,Clements2012,maːl,Clements2012,mizəɾal,Clements2012,mal,BaxterSilva2004,maw,FernandesBaxter2001,mal,Maurer2011,mɔw,Quint1998,mal,Baptista2014,maw,Baptista2019,maw,Baptista2019,maw,Baptista2019,ma,AraujoHagemeijer2013,maw,HagemeijerMaurer-CecchiniSegorbe2020,rwĩ,Araujo2012,buːku,Cosme2014,maw,SilvaAfonsoMachadoCunhaMarquesFernandesGianfranchiJúniorBorgesMartinsZardoLimaMendesTrigo2024,fedi,Biagui2012,malu,JacobsHoyer2018,malo,Dieck2000,malu,Diccionario2008,malu,Sippola2011,mal,DeCastro2019,mal,Tobler 1983,mal,Barthèlemi 2007,move,Valdman et al. 1999,move,Wittmann 1973,move,Barbotin & Tourenux 2000,move,Confiant 2007,move,Mondesir 1992,move,Wittmann 1973,,,movɛ,"Michaelis, Rosalie & Muhme 2009"
bark,environment,casca,corteza,écorce,albsukas,Clements2011,kas,Clements2011,kask,Clements2012,paːʈa,Clements2012,ælvəɾisəpæli,Clements2012,kaska,BaxterSilva2004,,,kaski,Maurer2011,kaskɐ,Quint1998,kaʃkɐ,Baptista2014,ɾõ,Baptista2019,ɾamu,Tavares2020,kaskɐ di po,Baptista2019,kaʃika,AraujoHagemeijer2013,xɔxa,Cosme2014,ukpaka,Araujo2012,kaʃka,Cosme2014,kaʃkɐ,SilvaAfonsoMachadoCunhaMarquesFernandesGianfranchiJúniorBorgesMartinsZardoLimaMendesTrigo2024,,,kaska,Quint2000,,,,,,,,,lapo,Tobler 1987,lapo,Barthèlemi 2007,lekɔrʃ,Valdman et al. 1999,ekɔs,Wittmann 1973,lapo pjebwa,Barbotin & Tourenux 2000,lapo pjebwa,Confiant 2007,lapo,Frank 2001,lekoɣs,Wittmann 1973,po,Baker 1982,lekɔɔs,Baker 1982
because,conj,porque,porque,parce que,kaɾən,Clements2011,puɾke,Clements2011,pəɾke,Clements2012,kiːpaseː,Clements2012,swidə,Clements2012,kawzu,BaxterSilva2004,pɾamoɾdi,FernandesBaxter2001,aka bida,Maurer2011,pɐmɔdi,Quint1998,pke,Baptista2014,puɾke,Baptista2019,pɐmɔdi,Baptista2019,pɐmɔdi,Baptista2019,pluke,Bandeira2017,pɔke,Bandeira2017,poke,Araujo2012,kõtuma,Bandeira2017,pɐbiɐ,SilvaAfonsoMachadoCunhaMarquesFernandesGianfranchiJúniorBorgesMartinsZardoLimaMendesTrigo2024,pabiɟa,Biagui2012,komo,JacobsHoyer2018,pokke,Schwegler2000,puɾkasa,Diccionario2008,kasi,Sippola2011,kaj,DeCastro2019,pase,Tobler 1983,paske,Barthèlemi 2007,paɾske,Valdman et al. 1999,paskɛ,Wittmann 1973,padavɣe,Barbotin & Tourenux 2000,pas,Confiant 2007,pas,Mondesir 1992,akoz,Wittmann 1973,pask,Stein 1984,akoz,"Michaelis, Rosalie & Muhme 2009"
belly,body part,barriga,"barriga, vientre",ventre,bʰaɾig,Clements2011,baɾig,Clements2011,baɾig,Clements2012,baɾiːja,Clements2012,baʀigə,Clements2012,bariga,BaxterSilva2004,bariga,FernandesBaxter2001,baɾiga,Maurer2011,bɐɾigɐ,Quint1998,beɾig,Baptista2019,beʀigɐ,Baptista2019,bɐɾigɐ,Tavares2020,baɾigɐ,Baptista2019,bɛgɐ,Bandeira2017,bɛga,Bandeira2017,bwɛgɐ,Araujo2012,bɛgɐ,Bandeira2017,bariga,SilvaAfonsoMachadoCunhaMarquesFernandesGianfranchiJúniorBorgesMartinsZardoLimaMendesTrigo2024,bariga,Biagui2012,baɾika,Quint2000,baɾika,Dieck2000,bariga,Diccionario2008,bahɾiga,Sippola2011,bahɾiga,DeCastro2019,vã,Tobler 1983,vãt,Barthèlemi 2007,vãnt,Valdman et al. 1999,vãt,Wittmann 1973,budɛ̃,Barbotin & Tourenux 2000,budɛ̃,Confiant 2007,budɛ̃,Frank 2001,vãt,Wittmann 1973,vãt,Baker 1982,vãt,Baker 1982
big,adjective,grande,grande,grand,gɾan,Clements2011,gɾan,Clements2011,gɾan,Clements2012,gɾaːndi,Clements2012,gɾandi,Clements2012,grandi,BaxterSilva2004,gɾa̜ndi,FernandesBaxter2001,gɾandi,Maurer2011,gɾɐ̃di,Quint1998,gɾãŋd,Baptista2019,gɾãd,Swolkien2015,gɾãdi,Baptista2019,gɾãdi,Baptista2019,godo,AraujoHagemeijer2013,ŋaːndʒi,HagemeijerMaurer-CecchiniSegorbe2020,gani,Araujo2012,ŋaj,Cosme2014,gaɾandɪ,SilvaAfonsoMachadoCunhaMarquesFernandesGianfranchiJúniorBorgesMartinsZardoLimaMendesTrigo2024,gaɾandi,Biagui2012,gɾandi,Quint2000,ngande,Schwegler2000,gɾandi,Diccionario2008,gɾandi,Sippola2011,gɾandi,DeCastro2019,gho,Tobler 1983,gʁã,Barthèlemi 2007,gɾã,Valdman et al. 1999,gɣã,Wittmann 1973,gɣã,Barbotin & Tourenux 2000,gɣã,Confiant 2007,gwo,Frank 2001,gɣã,Wittmann 1973,gʀo,Baker 1982,gɣã,Baker 1982
bird,animal,pássaro,pájaro,oiseau,pas,Clements2011,pasaɾiɲ,Clements2011,pasaɾiŋ,Clements2012,paːstɾu,Clements2012,pastɾə,Clements2012,pastu,BaxterSilva2004,pastɾu,FernandesBaxter2001,pastəɾ,Maurer2011,pasu,Quint1998,pɔs,Baptista2014,pɔs,Baptista2019,pasu,Baptista2019,pasu,Baptista2019,bisudaza,AraujoHagemeijer2013,paːtu,HagemeijerMaurer-CecchiniSegorbe2020,pasu,Araujo2012,situ,Cosme2014,pastru,SilvaAfonsoMachadoCunhaMarquesFernandesGianfranchiJúniorBorgesMartinsZardoLimaMendesTrigo2024,pastur,Biagui2012,paɾa,Quint2000,pahaɾo,Schwegler2000,paharu,Diccionario2008,paharu,Ocampo1947,paharu,DeCastro2019,zozo,Tobler 1983,zozo,Barthèlemi 2007,zwazo,Valdman et al. 1999,zwezo,Wittmann 1973,zwezo,Barbotin & Tourenux 2000,zwezo,Confiant 2007,ʒibje,Frank 2001,zozo,Wittmann 1973,zwazo,Baker 1982,zozo,Baker 1982
bite,body verb,morder,morder,modrde,muɾde,Clements2011,muɾde,Clements2011,muɾde,Clements2012,muɾda,Clements2012,muɾdɛ,Clements2012,mudre,BaxterSilva2004,katʃi,FernandesBaxter2001,moɾdi,Maurer2011,moɾdi,Quint1998,moɾde,Baptista2019,moɾde,Baptista2019,moɾde,Baptista2019,moɾde,Baptista2019,mode,Bandeira2017,mũda,Bandeira2017,mode,Araujo2012,mode,Bandeira2017,murdɪ,SilvaAfonsoMachadoCunhaMarquesFernandesGianfranchiJúniorBorgesMartinsZardoLimaMendesTrigo2024,moɾde,Biagui2012,moɾde,Quint2000,tʃikote,Mercado2026,muldi,Diccionario2008,moɾde,Sippola2011,muɻde,DeCastro2019,mɔde,Tobler 1983,mode,Barthèlemi 2007,mɔɾd,Valdman et al. 1999,mɔde,Wittmann 1973,mɔd,Barbotin & Tourenux 2000,mode,Confiant 2007,mɔde,Frank 2001,moɣde,Wittmann 1973,mɔɔde,Baker 1982,mɔɔd,Baker 1982
black,colour,preto,negro,noir,pɾet,Clements2011,pɾet,Clements2011,pɾet,Clements2012,pɾɛːtu,Clements2012,pɾetə,Clements2012,pretu,BaxterSilva2004,pɾetu,FernandesBaxter2001,pɾetu,Maurer2011,pɾɛtu,Quint1998,pɾet,Baptista2019,pɾet,Baptista2019,pɾetu,Baptista2019,pɾetu,Baptista2019,plɛtu,Bandeira2017,pɛːtu,Bandeira2017,pɛːtu,Araujo2012,pɛːtu,Bandeira2017,pɾɛtu,SilvaAfonsoMachadoCunhaMarquesFernandesGianfranchiJúniorBorgesMartinsZardoLimaMendesTrigo2024,pretu,Biagui2012,pɾetu,Quint2000,pɾjeto,Dieck2000,negɾu,Diccionario2008,pɾjetu,Sippola2011,negɾu,DeCastro2019,nwɛ,Tobler 1983,nwɛ,Barthèlemi 2007,nwaɾ,Valdman et al. 1999,nwa,Wittmann 1973,nwɛ,Barbotin & Tourenux 2000,nwɛ,Confiant 2007,nwɛ,Frank 2001,nwaɣ,Wittmann 1973,nwaʀ,Baker 1982,nwaa,Baker 1982
blood,animal product,sangue,sangre,sang,sajŋ,Clements2011,sajŋ,Clements2011,saŋ,Clements2012,saːngi,Clements2012,sangi,Clements2012,saŋgi,BaxterSilva2004,sangui,FernandesBaxter2001,saŋgi,Maurer2011,sɐ̃gi,Quint1998,sẽŋg,Baptista2019,sãg,Baptista2019,sãgi,Baptista2019,sãgi,Baptista2019,sɐ̃gi,Bandeira2017,sɐ̃gi,Bandeira2017,sɐ̃gɪ,Araujo2012,θɐ̃gɪ,Bandeira2017,sangui,SilvaAfonsoMachadoCunhaMarquesFernandesGianfranchiJúniorBorgesMartinsZardoLimaMendesTrigo2024,,,saŋəɾ,Quint2000,pola,Schwegler2000,saŋgɾi,Diccionario2008,saŋgɾi,Sippola2011,saŋgɾi,DeCastro2019,dʒisã,Tobler 1983,disã,Barthèlemi 2007,sã,Valdman et al. 1999,sã,Wittmann 1973,sã,Barbotin & Tourenux 2000,sã,Confiant 2007,sã,Frank 2001,disã,Wittmann 1973,sã,Baker 1982,ɟisã,Baker 1982
blow,body verb,soprar,soplar,souffler,supɾa,Clements2011,supɾa,Clements2011,asupɾa,Clements2012,sufɾaː,Clements2012,supɾa,Clements2012,sufra,BaxterSilva2004,supɾa̹,FernandesBaxter2001,supɾa,Maurer2011,sɔpɾɐ,Quint1998,sopɾa,Baptista2019,sopɾa,Baptista2019,sopɾɐ,Baptista2019,sopɾɐ,Baptista2019,sɔpla,Bandeira2017,fofo,Bandeira2017,sɔpa,Araujo2012,θɔpa,Bandeira2017,supra,SilvaAfonsoMachadoCunhaMarquesFernandesGianfranchiJúniorBorgesMartinsZardoLimaMendesTrigo2024,supra,Biagui2012,supla,JacobsHoyer2018,bahja,Mercado2026,,,supla,Sippola2011,supla,DeCastro2019,sufle,Tobler 1987,sufle,Barthèlemi 2007,sufle,Valdman et al. 1999,sufle,Wittmann 1973,sufle,Barbotin & Tourenux 2000,sufle,Confiant 2007,sufle,Mondesir 1992,sufle,Wittmann 1973,,,sufle,"Michaelis, Rosalie & Muhme 2009"
bone,animal product,osso,hueso,os,os,Clements2011,os,Clements2011,os,Clements2012,oːsu,Clements2012,osə,Clements2012,osu,BaxterSilva2004,,,osu,Maurer2011,osu,Quint1998,os,Baptista2019,os,Baptista2019,osu,Baptista2019,osu,Baptista2019,ɔsɔ,Bandeira2017,ɔsɔ,Bandeira2017,ɔsu,Araujo2012,ɔsɔ,Bandeira2017,ɔs,SilvaAfonsoMachadoCunhaMarquesFernandesGianfranchiJúniorBorgesMartinsZardoLimaMendesTrigo2024,wos,Biagui2012,wesu,Quint2000,gweso,Moñino2002,wesu,Escalante2005,wesu,Sippola2011,wesu,DeCastro2019,zo,Tobler 1983,,,dezo,Valdman et al. 1999,zo,Wittmann 1973,zo,Barbotin & Tourenux 2000,zo,Confiant 2007,zo,Frank 2001,lezo,Wittmann 1973,zo,Baker 1982,lezo,Baker 1982
breast,body part,peito,pecho,"sein, poitrine",pejt,Clements2011,pet,Clements2011,pet,Clements2012,peːtu,Clements2012,petə,Clements2012,petu,BaxterSilva2004,,,mama,Maurer2011,petu,Quint1998,,,,,mamɐ,Tavares2020,,,petu,AraujoHagemeijer2013,,,pɛna,Araujo2012,,,pitu,SilvaAfonsoMachadoCunhaMarquesFernandesGianfranchiJúniorBorgesMartinsZardoLimaMendesTrigo2024,pitu,Biagui2012,petʃu,Quint2000,teta,Moñino2002,petʃu,Diccionario2008,petʃu,Sippola2011,petʃu,DeCastro2019,pothĩn,Tobler 1983,potʁin,Barthèlemi 2007,sɛ̃,Valdman et al. 1999,,,tete,Barbotin & Tourenux 2000,"fal, tete",Confiant 2007,tete,Frank 2001,tete,Wittmann 1973,tete,Baker 1982,tete,Baker 1982
breathe,body verb,respirar,respirar,respirer,suskaɾtuma,Clements2011,ɾeʃpɾa,Clements2011,,,,,,,pusabafu,BaxterSilva2004,,,,,da folgu,Quint1998,,,,,,,,,,,,,,,,,rɨʃpiɾɐ,SilvaAfonsoMachadoCunhaMarquesFernandesGianfranchiJúniorBorgesMartinsZardoLimaMendesTrigo2024,,,ɾespiɾa,JacobsHoyer2018,,,ɾisulja,Diccionario2008,risulja,Ocampo1947,,,,,,,ɾɛspiɾe,Valdman et al. 1999,sufle,Wittmann 1973,ɣespiɣe,Barbotin & Tourenux 2000,ɣespiɣe,Confiant 2007,wespiwe,Mondesir 1992,ɣespiɣe,Wittmann 1973,,,ɣespiɣe,"Michaelis, Rosalie & Muhme 2009"
burn,environment,kejmaɾ,quemar,bruler,kima,Clements2011,kima,Clements2011,kima,Clements2012,kimaː,Clements2012,kima,Clements2012,kema,BaxterSilva2004,kima̹,FernandesBaxter2001,kima,Maurer2011,kemɐ,Quint1998,psi,Baptista2014,kema,Baptista2019,kemɐ,Tavares2020,kemɐ,Baptista2019,kɛma,Bandeira2017,kama,Bandeira2017,kɛma,Araujo2012,kɛma,Bandeira2017,kɛmɐ,SilvaAfonsoMachadoCunhaMarquesFernandesGianfranchiJúniorBorgesMartinsZardoLimaMendesTrigo2024,,,kima,Quint2000,kema,Hancock1975,kima,Diccionario2008,kema,Sippola2011,kima,DeCastro2019,bule,Tobler 1983,bule,Barthèlemi 2007,bɾule,Valdman et al. 1999,bule,Wittmann 1973,bɣile,Barbotin & Tourenux 2000,bɣile,Confiant 2007,bwile,Frank 2001,bɣile,Wittmann 1973,bʀile,Baker 1982,bɣile,Baker 1982
child,human,kɾiɐ̃sɐ,niño,enfant,kɾijãs,Clements2011,kɾijãs,Clements2011,kɾiãs,Clements2012,kɾijaːnsa,Clements2012,kɾijansə,Clements2012,krensa,BaxterSilva2004,kjansa,FernandesBaxter2001,filu,Maurer2011,mininu,Quint1998,mnin,Baptista2014,mnin,Swolkien2015,mininu,Tavares2020,mininu,Baptista2019,ɐ̃zu,Bandeira2017,ɐ̃nzu,Bandeira2017,ɐ̃zu,Araujo2012,ɐ̃ðu,Bandeira2017,mininu,SilvaAfonsoMachadoCunhaMarquesFernandesGianfranchiJúniorBorgesMartinsZardoLimaMendesTrigo2024,aɲɟu,Biagui2012,mutʃa,Jacobs2012,mona,Schwegler2000,kɾatuɾa,Diccionario2008,kɾijatuɾa,Sippola2011,anak,DeCastro2019,tʃimũ,Tobler 1983,piti,Barthèlemi 2007,piti,Valdman et al. 1999,timun,Wittmann 1973,ci mamaj,Barbotin & Tourenux 2000,cimãmaj,Confiant 2007,mãmaj,Mondesir 1992,zãfã,Wittmann 1973,zãfã,Stein 1984,pici,"Michaelis, Rosalie & Muhme 2009"
cloud,environment,nuvẽ,nube,nuage,ɖʰəg,Clements2011,nuʋ,Clements2011,nuʋ,Clements2012,moːʋis,Clements2012,mekham,Clements2012,nubis,BaxterSilva2004,,,nuves,Maurer2011,nɛbwɐ,Quint1998,neva,Baptista2019,nuvẽ,Baptista2019,nuvi,Tavares2020,nubẽ,Baptista2019,novi,Bandeira2017,novi,Bandeira2017,novi,Araujo2012,mbɔsi,Bandeira2017,nuvẽ,SilvaAfonsoMachadoCunhaMarquesFernandesGianfranchiJúniorBorgesMartinsZardoLimaMendesTrigo2024,nubis,Biagui2012,nubia,Quint2000,nube,Schwegler1996,nubi,Diccionario2008,ulan,Sippola2011,,,nwaʒ,Tobler 1983,nijaʒ,Barthèlemi 2007,nuaʒ,Valdman et al. 1999,nwaʒ,Wittmann 1973,nijaʒ,Barbotin & Tourenux 2000,nijaʒ,Confiant 2007,nwaʒ,Frank 2001,njaz,Wittmann 1973,njaz,Baker 1982,njaz,Baker 1982
cold,adjective,fɾiw,frío,fʁwa,fɾiw,Clements2011,fɾi,Clements2011,fɾi,Clements2012,fɾiːju,Clements2012,fɾiw,Clements2012,friw,BaxterSilva2004,fɾiw,FernandesBaxter2001,fɾiw,Maurer2011,fɾiw,Quint1998,fɾi,Baptista2019,fɾiw,Baptista2019,fɾiw,Tavares2020,fɾiw,Baptista2019,fjo,Bandeira2017,fiu,Bandeira2017,fjo,Araujo2012,fio,Bandeira2017,fɾiw,SilvaAfonsoMachadoCunhaMarquesFernandesGianfranchiJúniorBorgesMartinsZardoLimaMendesTrigo2024,fɾiw,Biagui2012,fɾiw,Quint2000,fɾio,Hancock1975,pɾiju,Diccionario2008,pɾiju,Sippola2011,pɾiw,DeCastro2019,fwɛ,Tobler 1983,fʁɛ,Barthèlemi 2007,fɾe,Valdman et al. 1999,fwɛt,Wittmann 1973,fwɛt,Barbotin & Tourenux 2000,fwɛt,Confiant 2007,fwɛt,Frank 2001,fɣe,Wittmann 1973,fʀe,Baker 1982,fɣe,Baker 1982
come,motion,viɾ,venir,vəniʁ,ʋi,Clements2011,ʋi,Clements2011,ʋi,Clements2012,ʋiː,Clements2012,ʋi,Clements2012,beŋ,BaxterSilva2004,veŋ,FernandesBaxter2001,bi,Maurer2011,bẽ,Quint1998,ben,Baptista2019,bẽ,Swolkien2015,bẽ,Baptista2019,bẽ,Baptista2019,bi,Bandeira2017,bi,Bandeira2017,vika,Araujo2012,bi,Bandeira2017,bĩŋ,SilvaAfonsoMachadoCunhaMarquesFernandesGianfranchiJúniorBorgesMartinsZardoLimaMendesTrigo2024,beŋ,Biagui2012,bini,Quint2000,mini,Schwegler2000,beni,Diccionario2008,bini,Sippola2011,liga,DeCastro2019,vĩ,Tobler 1983,vini,Barthèlemi 2007,vini,Valdman et al. 1999,vin,Wittmann 1973,vini,Barbotin & Tourenux 2000,vini,Confiant 2007,vini,Frank 2001,vini,Wittmann 1973,vnii,Baker 1982,vini,Baker 1982
correct,adjective,kuʀɛtu,correcto,ʒyst,dɾɛtuɾ,Clements2012,dɾet,Clements2012,dɾet,Clements2012,dɾetu,Clements2012,,,retu,BaxterSilva2004,ʒustu,,dɾetu,Maurer2011,sɛɾtu,Quint1998,dɾet,Baptista2019,dɾetu,Swolkien2015,dɾetu,Baptista2019,dɾetu,Baptista2019,sɛtu,AraujoHagemeijer2013,,,,,,,sɛɾtu,SilvaAfonsoMachadoCunhaMarquesFernandesGianfranchiJúniorBorgesMartinsZardoLimaMendesTrigo2024,,,koɾekto,JacobsHoyer2018,,,hustu,Diccionario2008,tupaw,Sippola2011,hustu,Camins1999,ʒis,Tobler 1983,ʒist,Barthèlemi 2007,koɾɛk,Valdman et al. 1999,ɣezõ,Wittmann 1973,koɣɛk,Barbotin & Tourenux 2000,koɣek,Confiant 2007,kɔwek,Mondesir 1992,ɣezõ,Wittmann 1973,,,koɣek,"Michaelis, Rosalie & Muhme 2009"
count,misc verb,kõtaɾ,contar,kɔ̃te,kota,Clements2011,konta,Clements2011,kõta,Clements2012,kontaː,Clements2012,konte,Clements2012,konta,BaxterSilva2004,konta̹,FernandesBaxter2001,,,kõtɐ,Quint1998,kõnta,Baptista2014,kõta,Baptista2019,kõta,Baptista2019,kõta,Baptista2019,kõta,AraujoHagemeijer2013,xɔ̃ta,HagemeijerMaurer-CecchiniSegorbe2020,kõta,Araujo2012,kɔ̃ta,Cosme2014,kontɐ,SilvaAfonsoMachadoCunhaMarquesFernandesGianfranchiJúniorBorgesMartinsZardoLimaMendesTrigo2024,konte,Biagui2012,konta,JacobsHoyer2018,ngwenda,Schwegler1996,kunta,Diccionario2008,konta,Sippola2011,kunta,DeCastro2019,kõt,Tobler 1983,kõnte,Barthèlemi 2007,kõte,Valdman et al. 1999,kõte,Wittmann 1973,kɔ̃te,Barbotin & Tourenux 2000,kɔ̃te,Confiant 2007,kɔ̃te,Mondesir 1992,kõte,Wittmann 1973,,,kɔ̃te,"Michaelis, Rosalie & Muhme 2009"
cut,impact,kuɾtaɾ,cortar,kupe,koɾta,Clements2011,koɾta,Clements2011,koɾta,Clements2012,koɾtaː,Clements2012,kɔɾta,Clements2012,korta,BaxterSilva2004,koɾta̜,FernandesBaxter2001,ɾapa,Maurer2011,koɾtɐ,Quint1998,koɾta,Baptista2019,koɾta,Baptista2019,koɾta,Baptista2019,koɾta,Baptista2019,kɔta,Bandeira2017,kuːta,Bandeira2017,kɔta,Araujo2012,kɔta,Bandeira2017,kɔrtɐ,SilvaAfonsoMachadoCunhaMarquesFernandesGianfranchiJúniorBorgesMartinsZardoLimaMendesTrigo2024,korta,Biagui2012,kɔɾta,JacobsHoyer2018,kotta,Schwegler2013,kulta,Diccionario2008,koɾta,Sippola2011,kuɻta,DeCastro2019,kupe,Tobler 1983,kupe,Barthèlemi 2007,kupe,Valdman et al. 1999,kupe,Wittmann 1973,kupe,Barbotin & Tourenux 2000,kupe,Confiant 2007,kupe,Mondesir 1992,kupe,Wittmann 1973,,,kupe,"Michaelis, Rosalie & Muhme 2009"
day,time,diɐ,día,ʒuʁ,di,Clements2011,di,Clements2011,di,Clements2012,diːja,Clements2012,dijə,Clements2012,dia,BaxterSilva2004,dja,FernandesBaxter2001,dia,Maurer2011,diɐ,Quint1998,diɐ,Baptista2014,diɐ,Swolkien2015,dia,Baptista2019,dia,Baptista2019,dʒa,Bandeira2017,dʒja,Bandeira2017,dja,Araujo2012,dja,Bandeira2017,diɐ,SilvaAfonsoMachadoCunhaMarquesFernandesGianfranchiJúniorBorgesMartinsZardoLimaMendesTrigo2024,diɟa,Biagui2012,dia,JacobsHoyer2018,ɾia,Schwegler2000,dia,Diccionario2008,dija,Sippola2011,dia,DeCastro2019,ʒu,Tobler 1983,ʒu,Barthèlemi 2007,ʒuɾ,Valdman et al. 1999,ʒu,Wittmann 1973,laʒunɛ̃,Barbotin & Tourenux 2000,laʒunɛ̃,Confiant 2007,ʒu,Mondesir 1992,lizuɣ,Wittmann 1973,zuuʀ,Stein 1984,lizuu,"Michaelis, Rosalie & Muhme 2009"
die,body verb,muʀeɾ,morir,muʁiʁ,mhuɾe,Clements2011,mata,Clements2011,muɾe,Clements2012,muɾa,Clements2012,muʀe,Clements2012,mure,BaxterSilva2004,more,FernandesBaxter2001,moɾe,Maurer2011,mɔɾi,Quint1998,mʀe,Baptista2014,moʀe,Baptista2019,moɾe,Baptista2019,moɾe,Baptista2019,mole,AraujoHagemeijer2013,mole,HagemeijerMaurer-CecchiniSegorbe2020,mwe,Araujo2012,mwe,Cosme2014,murɪ,SilvaAfonsoMachadoCunhaMarquesFernandesGianfranchiJúniorBorgesMartinsZardoLimaMendesTrigo2024,more,Biagui2012,muɾi,Quint2000,moɾi,Schwegler2000,muɾi,Escalante2005,muɾi,Sippola2011,muɾi,DeCastro2019,muhi,Tobler 1983,muʁi,Barthèlemi 2007,muɾi,Valdman et al. 1999,muɣi,Wittmann 1973,mɔ,Barbotin & Tourenux 2000,mɔ,Confiant 2007,mɔ,Frank 2001,moɣ,Wittmann 1973,mɔɔ ,Baker 1982,mɔɔ ,Baker 1982
dig,impact,kɐvaɾ,"cavar, excavar",kʁøze,kaʋa,Clements2011,kaʋa,Clements2011,fazebuɾak,Clements2012,kindeː,SilvaTrigo2022,gəʋətə,Clements2012,kore,BaxterSilva2004,,,gabuɾta,Maurer2011,kɔbɐ,Quint1998,kɐva,Baptista2014,kava,Baptista2019,koba,Baptista2019,koba,Baptista2019,kɔbɔ,AraujoHagemeijer2013,gɔlɔ,HagemeijerMaurer-CecchiniSegorbe2020,kava,Araujo2012,vina,Cosme2014,kɔbɐ,SilvaAfonsoMachadoCunhaMarquesFernandesGianfranchiJúniorBorgesMartinsZardoLimaMendesTrigo2024,koba,Biagui2012,koba,JacobsHoyer2018,kuba,Mercado2026,ase ukaj,Escalante2005,ase pala (Sp. hacer pala),Sippola2011,,,fuje,Tobler 1987,fuje,Barthèlemi 2007,fuje,Valdman et al. 1999,fuje,Wittmann 1973,fuje,Barbotin & Tourenux 2000,fuje,Confiant 2007,fuje,Mondesir 1992,fuje,Wittmann 1973,,,fuje,"Michaelis, Rosalie & Muhme 2009"
dirty,adjective,suʒu,sucio,sal,sudʒ,Clements2011,sudʒ,Clements2011,sudʒ,Clements2012,suːj,Clements2012,sudʒi,Clements2012,suzu,BaxterSilva2004,suzu,FernandesBaxter2001,sudʒu,Maurer2011,ʃuʃu,Quint1998,ʃuʃ,Baptista2014,ʃuʒ,Baptista2019,suʒu,Baptista2019,suʒu,Baptista2019,suzu,AraujoHagemeijer2013,sũzu,HagemeijerMaurer-CecchiniSegorbe2020,suzu,Araujo2012,θuðu,Cosme2014,susu,SilvaAfonsoMachadoCunhaMarquesFernandesGianfranchiJúniorBorgesMartinsZardoLimaMendesTrigo2024,susu,Biagui2012,suʃi,JacobsHoyer2018,susjo,Patiño2002,susju,Diccionario2008,susju,Sippola2011,masusju,DeCastro2019,sal,Tobler 1983,sal,Barthèlemi 2007,sal,Valdman et al. 1999,sal,Wittmann 1973,sal,Barbotin & Tourenux 2000,sal,Confiant 2007,sal,Mondesir 1992,sal,Wittmann 1973,,,sal,"Michaelis, Rosalie & Muhme 2009"
dog,animal,kɐ̃w̃,perro,ʃjɛ̃,kãw,Clements2011,kãw,Clements2011,kãw,Clements2012,katʃoɾu,Clements2012,katʃoɾ,Clements2012,katʃoru,BaxterSilva2004,katʃo̹ɾu,FernandesBaxter2001,katʃoɾ,Maurer2011,kɐtʃɔɾ,Quint1998,kotʃoɾ,Baptista2014,kɐtʃɔʀ,Swolkien2015,katʃo,Tavares2020,katʃoɾ,Baptista2019,kaso,AraujoHagemeijer2013,xasoːloː,HagemeijerMaurer-CecchiniSegorbe2020,kaso,Araujo2012,kaθo,Cosme2014,kɐtʃoɾ,SilvaAfonsoMachadoCunhaMarquesFernandesGianfranchiJúniorBorgesMartinsZardoLimaMendesTrigo2024,kacor,Biagui2012,katʃo,Quint2000,pelo,Moñino2002,peru,Diccionario2008,peʰru,Sippola2011,peʰru,DeCastro2019,ʃɛ̃,Tobler 1983,ʃjẽ,Barthèlemi 2007,ʃjẽ,Valdman et al. 1999,ʃẽ,Wittmann 1973,ʃjɛ̃,Barbotin & Tourenux 2000,ʃjɛ̃,Confiant 2007,ʃjɛ̃,Frank 2001,lisjẽ,Wittmann 1973,sjɛ̃,Baker 1982,lisjɛ̃,Baker 1982
drink,body part,bɨbeɾ,beber,bwɑʁ,bebe,Clements2012,bebe,Clements2012,bebe,Clements2012,beʋa,Clements2012,bebe,Clements2012,bebe,BaxterSilva2004,bebe,,bebi,Maurer2011,bebi,Quint1998,bebe,Baptista2019,bibe,Swolkien2015,bebe,Tavares2020,bebe,Baptista2019,bebe,AraujoHagemeijer2013,bɛːbɛː,HagemeijerMaurer-CecchiniSegorbe2020,bebe,Araujo2012,bebe,Bandeira2017,bibidɐ,SilvaAfonsoMachadoCunhaMarquesFernandesGianfranchiJúniorBorgesMartinsZardoLimaMendesTrigo2024,bebe,Biagui2012,bebe,Quint2000,bebe,Hancock1975,tuma,Diccionario2008,bebe,Sippola2011,tuma,DeCastro2019,bwɛ,Tobler 1983,bwɛ,Barthèlemi 2007,bwa,Valdman et al. 1999,bwɛ,Wittmann 1973,bwɛ,Barbotin & Tourenux 2000,bwɛ,Confiant 2007,bwɛ,Frank 2001,bwaɣ,Wittmann 1973,bwaa,Baker 1982,bwaa,Baker 1982
dry,adjective,seku,seco,sɛk,sek,Clements2011,sek,Clements2011,sek,Clements2012,sɛːku,Clements2012,sækə,Clements2012,seku,BaxterSilva2004,seku,FernandesBaxter2001,seku,Maurer2011,sɛku,Quint1998,sɛk,Baptista2014,sek,Baptista2019,sɛku,Tavares2020,seku,Baptista2019,sugadu,Bandeira2017,soxadu,Bandeira2017,sugadu,Araujo2012,θɛku,Cosme2014,sɛku,SilvaAfonsoMachadoCunhaMarquesFernandesGianfranchiJúniorBorgesMartinsZardoLimaMendesTrigo2024,seku,Biagui2012,seku,Quint2000,,,seku,Diccionario2008,seku,Sippola2011,seku,DeCastro2019,sɛk,Tobler 1983,sɛk,Barthèlemi 2007,sɛk,Valdman et al. 1999,ʃɛʃ,Wittmann 1973,sɛk,Barbotin & Tourenux 2000,sɛk,Confiant 2007,sɛk,Frank 2001,sek,Wittmann 1973,sɛk,Baker 1982,sek,Baker 1982
dull,adjective,botu,"sin filo, desafilado, embotado, romo",emuse,bʰoʈəl,Clements2012,buntu,Clements2012,,,bɾɔm,Clements2012,agudənutɛ̃,Clements2012,,,,FernandesBaxter2001,,,sɛgu,Baptista2019,sɛg,Baptista2019,sɛg,Baptista2019,sɛgu,Baptista2019,sɛgu,Baptista2019,,AraujoHagemeijer2013,,,,,,,,,,,bɔt,JacobsHoyer2018,,,no agudo,Diccionario2008,pulpul,Ocampo1947,dumpul,Camins1999,hõ,Tobler 1987,,,bɾeʃe,Valdman et al. 1999,pa file,Wittmann 1973,,,,,pa file,Mondesir 1992,pa kup bjẽ,Wittmann 1973,,,,"Michaelis, Rosalie & Muhme 2009"
dust,environment,pɔ,polvo,pusjɛʁ,ɾʰen,Clements2011,pujẽɾ,Clements2012,,,pɔ,Clements2012,baɾə,Clements2012,po,BaxterSilva2004,,,po,Maurer2011,pɔ,Quint1998,po,Baptista2014,pɔ,Baptista2019,pweɾɐ,Baptista2019,pweɾɐ,Baptista2019,ɔpɔ,Bandeira2017,ɔpɔ,HagemeijerMaurer-CecchiniSegorbe2020,ɔpɔ,Araujo2012,ɔ̃pɔ,Bandeira2017,puɛɾɐ,SilvaAfonsoMachadoCunhaMarquesFernandesGianfranchiJúniorBorgesMartinsZardoLimaMendesTrigo2024,,,stɔf,JacobsHoyer2018,,,polbos,Diccionario2008,alikabok,Sippola2011,polbus,Camins1999,lapusje,Tobler 1987,lapusjɛ,Barthèlemi 2007,pud,Valdman et al. 1999,pusiɛ,Wittmann 1973,pusjɛ,Barbotin & Tourenux 2000,pusjɛ,Confiant 2007,lapusie,Mondesir 1992,lapusjeɣ,Wittmann 1973,pud,Staudacher-Valliamee 2001,lapusjɛɛ,"Michaelis, Rosalie & Muhme 2009"
ear,body part,uɾeʎɐ,oreja,ɔʁɛj,oʋid,Clements2012,oɾeʎ,Clements2011,uʋid,Clements2012,oɾeːja,Clements2012,uʋid,Clements2012,ubida,BaxterSilva2004,oɾeʎa,FernandesBaxter2001,oɾela,Maurer2011,oɾɛdʒɐ,Quint1998,oɾeɐ,Baptista2019,oɾeɐ,Baptista2019,oɾidʒɐ,Tavares2020,oɾedʒɐ,Baptista2019,ɔʎa,Bandeira2017,ɔlɛa,Bandeira2017,urja,Araujo2012,ɔlja,Bandeira2017,oredʒɐ,SilvaAfonsoMachadoCunhaMarquesFernandesGianfranchiJúniorBorgesMartinsZardoLimaMendesTrigo2024,woreɟa,Biagui2012,oɾea,Quint2000,oleha,Dieck2000,uɾehas,Diccionario2008,uɾehas,Sippola2011,uɾehas,DeCastro2019,zohɛ,Tobler 1987,zɔʁɛj,Barthèlemi 2007,zɔɾɛj,Valdman et al. 1999,zoɣɛj,Wittmann 1973,zoɣɛj,Barbotin & Tourenux 2000,zoɣɛj,Confiant 2007,zɔwɛj,Frank 2001,zoɣej,Wittmann 1973,zɔʀɛj,Baker 1982,zoɣej,Baker 1982
earth,environment,tɛʀɐ,tierra,tɛʁ,tɛɾ,Clements2011,tɛɾ,Clements2011,tɛɾ,Clements2012,tɛːɾa,Clements2012,baɾə,Clements2012,tera,BaxterSilva2004,tɛra,FernandesBaxter2001,baɾ,Maurer2011,tɛɾɐ,Quint1998,tɛʀɐ,Baptista2014,tɛʀɐ,Baptista2019,tɛɾɐ,Baptista2019,tɛɾɐ,Baptista2019,tɛlɐ,Bandeira2017,tɛla,Bandeira2017,tɛ,Araujo2012,tʃja,Bandeira2017,tʃõ,SilvaAfonsoMachadoCunhaMarquesFernandesGianfranchiJúniorBorgesMartinsZardoLimaMendesTrigo2024,coŋ,Biagui2012,teɾa,Quint2000,tjela,Dieck2000,tjera,Diccionario2008,tjehra,Sippola2011,tjeʰra,DeCastro2019,latɛ,Tobler 1987,tɛʁ,Barthèlemi 2007,tɛɾ,Valdman et al. 1999,latɛ,Wittmann 1973,latɛ,Barbotin & Tourenux 2000,latɛ,Confiant 2007,latɛ,Frank 2001,lateɣ,Wittmann 1973,tɛɛ,Baker 1982,latɛɛ,Baker 1982
eat,body verb,kumeɾ,comer,mɑ̃ʒe,kume,Clements2011,kume,Clements2011,kume,Clements2012,kuma,Clements2012,kumɛ,Clements2012,kumi,BaxterSilva2004,kome,FernandesBaxter2001,komi,Maurer2011,kume,Quint1998,kme,Baptista2014,kme,Swolkien2015,kume,Baptista2019,kume,Baptista2019,kumɛ,Bandeira2017,kumi,Bandeira2017,kumɛ,Araujo2012,mɛ,Bandeira2017,kumɛ,SilvaAfonsoMachadoCunhaMarquesFernandesGianfranchiJúniorBorgesMartinsZardoLimaMendesTrigo2024,kume,Biagui2012,kome,Quint2000,kume,Schwegler2000,kumi,Diccionario2008,kume,Sippola2011,kume,Steinkrüger2013,mãʒe,Tobler 1983,mãʒe,Barthèlemi 2007,mãʒe,Valdman et al. 1999,mãʒe,Wittmann 1973,mãʒe,Barbotin & Tourenux 2000,mãʒe,Confiant 2007,mãʒe,Frank 2001,mãze,Wittmann 1973,mãze,Baker 1982,mãze,Baker 1982
egg,animal product,ovu,huevo,œf,ob,Clements2011,oʋ,Clements2011,oʋ,Clements2012,oːʋ,Clements2012,oʋə,Clements2012,obu,BaxterSilva2004,ovu,FernandesBaxter2001,obu,Maurer2011,ɔbu,Quint1998,ov,Baptista2014,ov,Baptista2019,obu,Baptista2019,obu,Baptista2019,ɔvu,Bandeira2017,ɔvu,Bandeira2017,ɔvu,Araujo2012,ɔvu,Bandeira2017,ovu,SilvaAfonsoMachadoCunhaMarquesFernandesGianfranchiJúniorBorgesMartinsZardoLimaMendesTrigo2024,wobu,Biagui2012,webu,Quint2000,gwebo,BickertonEscalante1970,webus,Diccionario2008,webu,Sippola2011,webus,Camins1999,dʒize,Tobler 1983,dize,Barthèlemi 2007,dezɛf,Valdman et al. 1999,ze,Wittmann 1973,ze,Barbotin & Tourenux 2000,ze,Confiant 2007,ze,Frank 2001,dizef,Wittmann 1973,zef,Baker 1982,ɟizef,Baker 1982
eye,body part,oʎu,ojo,œj,ol,Clements2011,oʎ,Clements2011,ojl,Clements2012,oːj,Clements2012,oj,Clements2012,olu,BaxterSilva2004,o̹lu,FernandesBaxter2001,olo,Maurer2011,odʒu,Quint1998,oj,Baptista2014,oj,Baptista2019,odʒu,Baptista2019,odʒu,Baptista2019,we,Bandeira2017,we,Bandeira2017,we,Araujo2012,we,Bandeira2017,udʒu,SilvaAfonsoMachadoCunhaMarquesFernandesGianfranchiJúniorBorgesMartinsZardoLimaMendesTrigo2024,wuɟu,Biagui2012,wowo,Quint2000,oho,Schwegler1996,ohus,Diccionario2008,ohus,Sippola2011,ohus,DeCastro2019,wej,Tobler 1983,wej,Barthèlemi 2007,zje,Valdman et al. 1999,ʒe,Wittmann 1973,zje,Barbotin & Tourenux 2000,zje,Confiant 2007,zje,Frank 2001,lizje,Wittmann 1973,zje,Baker 1982,lizje,Baker 1982
fall,motion,kɐiɾ,caer,tɔ̃be,kai,Clements2011,kai,Clements2011,kai,Clements2012,kaj,Clements2012,kaj,Clements2012,kaj,BaxterSilva2004,kaj,FernandesBaxter2001,kaj,Maurer2011,kɐi,Quint1998,kej,Baptista2014,kei,Baptista2019,kai,Baptista2019,kai,Baptista2019,kje,Bandeira2017,kae,Bandeira2017,kje,Araujo2012,kje,Bandeira2017,kaj,SilvaAfonsoMachadoCunhaMarquesFernandesGianfranchiJúniorBorgesMartinsZardoLimaMendesTrigo2024,kaɟ,Biagui2012,kaj,JacobsHoyer2018,kai,Schwegler2000,kaj,Diccionario2008,kaji,Sippola2011,kaj,DeCastro2019,tɔ̃be,Tobler 1983,tõbe,Barthèlemi 2007,tõbe,Valdman et al. 1999,tõbe,Wittmann 1973,tɔ̃be,Barbotin & Tourenux 2000,tɔ̃be,Confiant 2007,tɔ̃be,Mondesir 1992,tõbe,Wittmann 1973,tõbe,Stein 1984,tɔ̃m,"Michaelis, Rosalie & Muhme 2009"
far,adjective,ɫõʒɨ,lejos,lwɛ̃,lɔ̃j,Clements2011,lõj,Clements2011,lõj,Clements2012,lɔːndʒi,Clements2012,lɔndʒi,Clements2012,lonzi,BaxterSilva2004,,,londʒi,Maurer2011,lõʒi,Quint1998,lõŋʒ,Baptista2019,lõʒ,Baptista2019,lõʒi,Baptista2019,lõʒi,Baptista2019,lõdʒi,Bandeira2017,lõdʒi,HagemeijerMaurer-CecchiniSegorbe2020,lõʒi,Araujo2012,lõdʒi,Bandeira2017,loɲu,SilvaAfonsoMachadoCunhaMarquesFernandesGianfranchiJúniorBorgesMartinsZardoLimaMendesTrigo2024,loŋɟi,Biagui2012,lew,JacobsHoyer2018,leho,Schwegler1996,lehus,Diccionario2008,lehus,Sippola2011,lehus,DeCastro2019,lweŋ,Tobler 1983,lwẽ,Barthèlemi 2007,lwẽ,Valdman et al. 1999,lwẽ,Wittmann 1973,lwɛ̃,Barbotin & Tourenux 2000,lwɛ̃,Confiant 2007,lwɛ̃,Mondesir 1992,lwẽ,Wittmann 1973,lwɛ̃,Stein 1984,lwɛ̃,"Michaelis, Rosalie & Muhme 2009"
fat,animal product,guɾduɾɐ,grasa,ɡʁɛs,,,goɾduɾ,Clements2012,,,guɾduɾa,Clements2012,,,godura,BaxterSilva2004,goɾdura,FernandesBaxter2001,goɾdu,Maurer2011,guɾduɾɐ,Quint1998,guɾduɾɐ,Baptista2014,guɾduɾɐ,Baptista2019,goɾduɾɐ,Tavares2020,guɾduɾɐ,Baptista2019,godo,AraujoHagemeijer2013,gɔdula,HagemeijerMaurer-CecchiniSegorbe2020,gudurɐ,Bandeira2017,godulɐ,Bandeira2017,guɾduɾɐ,SilvaAfonsoMachadoCunhaMarquesFernandesGianfranchiJúniorBorgesMartinsZardoLimaMendesTrigo2024,baɲ,Biagui2012,sebu,JacobsHoyer2018,,,gɾasa,Diccionario2008,gɾasa,Sippola2011,guɻduɾa,DeCastro2019,ghɛs,Tobler 1983,ɡʁɛs,Barthèlemi 2007,gɾa,Valdman et al. 1999,ɡɣɛs,Wittmann 1973,gɣa,Barbotin & Tourenux 2000,gɣa,Confiant 2007,gwɛs,Frank 2001,lagɣes,Wittmann 1973,gʀɛs,Baker 1982,lagɣes,Baker 1982
father,human,paj,padre,pɛʁ,paj,Clements2011,paj,Clements2011,paj,Clements2012,paːj,Clements2012,paj,Clements2012,paj,BaxterSilva2004,paj,FernandesBaxter2001,paj,Maurer2011,pɐj,Quint1998,pɛ,Baptista2019,paj,Baptista2019,paj,Baptista2019,paj,Baptista2019,papa,Bandeira2017,papa,Bandeira2017,papa,Araujo2012,tata,Bandeira2017,pape,SilvaAfonsoMachadoCunhaMarquesFernandesGianfranchiJúniorBorgesMartinsZardoLimaMendesTrigo2024,papɛ,Biagui2012,tata,JacobsHoyer2018,tata,Schwegler2000,tata,Diccionario2008,tata,Sippola2011,tata,DeCastro2019,papa,Tobler 1983,papa,Barthèlemi 2007,papa,Valdman et al. 1999,papa,Wittmann 1973,papa,Barbotin & Tourenux 2000,papa,Confiant 2007,plim,Frank 2001,papa,Wittmann 1973,papa,Stein 1984,plim,Baker 1982
fear,perception verb,tɨmeɾ,temer,kʁɛ̃dʁ,med,Clements2012,med,Clements2012,,,mejdo,SilvaTrigo2022,,,midu,BaxterSilva2004,tɛfitɛfi,FernandesBaxter2001,,,medu,Quint1998,mɛd,Baptista2014,med,Swolkien2015,medɐ,Tavares2020,medu,Baptista2019,mɛ̃du,Bandeira2017,mɛ̃du,Bandeira2017,mɛ̃du,Araujo2012,mɛ̃du,Bandeira2017,medu,SilvaAfonsoMachadoCunhaMarquesFernandesGianfranchiJúniorBorgesMartinsZardoLimaMendesTrigo2024,,,tinmiedu,JacobsHoyer2018,,,,,se mjedu,Ocampo1947,,,pɛ,Tobler 1983,pɛ,Barthèlemi 2007,pɛɾ,Valdman et al. 1999,pɛ,Wittmann 1973,pɛ,Barbotin & Tourenux 2000,pɛ,Confiant 2007,kwɛ̃t,Mondesir 1992,peɣ,Wittmann 1973,,,pɛɛ,"Michaelis, Rosalie & Muhme 2009"
feather,animal product,penɐ,pluma,plym,pɛn,Clements2011,pɛn,Clements2011,pɛn,Clements2012,pɛːna,Clements2012,pænə,Clements2012,pena,BaxterSilva2004,pena,FernandesBaxter2001,kabelu pastəɾ,Maurer2011,pɛna,Quint1998,pena,Baptista2014,penɐ,Baptista2019,pɛnɐ,Tavares2020,penɐ,Baptista2019,pɛnɐ,Bandeira2017,pɛna,Cosme2014,penɐ,Araujo2012,penɐ,Bandeira2017,,,,,pluma,Quint2000,,,pluma,Diccionario2008,,,pluma,Camins1999,plim,Tobler 1983,plim,Barthèlemi 2007,plumã,Valdman et al. 1999,plim,Wittmann 1973,plim,Barbotin & Tourenux 2000,plim,Confiant 2007,plim,Mondesir 1992,plim,Wittmann 1973,plim,Baker 1982,laplim,"Michaelis, Rosalie & Muhme 2009"
few,quant,powku,poco,pø,pok,Clements2012,pok,Clements2012,pok,Clements2012,poku,Clements2012,pok,Clements2012,mpoku,BaxterSilva2004,,,,,poku,Quint1998,pok,Baptista2014,pok,Swolkien2015,poku,Baptista2019,poku,Baptista2019,,,,,,,,,poku,SilvaAfonsoMachadoCunhaMarquesFernandesGianfranchiJúniorBorgesMartinsZardoLimaMendesTrigo2024,mbokadu,Biagui2012,poko,JacobsHoyer2018,poko,Dieck2000,poku,Diccionario2008,poku,Sippola2011,poku,DeCastro2019,tʃimoso,Tobler 1987,timoso,Barthèlemi 2007,pɛ,Valdman et al. 1999,kɛk,Wittmann 1973,cibwɛ̃,Barbotin & Tourenux 2000,cibɣɛ̃,Confiant 2007,pe,Mondesir 1992,pa buku,Wittmann 1973,ɛ̃pe,Stein 1984,pe,"Michaelis, Rosalie & Muhme 2009"
fight,impact,lutaɾ,pelear,səbatʁ,luta,Clements2011,luta,Clements2011,,,bɾiːja,Clements2012,pildʒe,Clements2012,briga,BaxterSilva2004,piliza̹,FernandesBaxter2001,baklaj,Maurer2011,bɾigɐ,Quint1998,luta,Baptista2014,bɾiga,Swolkien2015,bɾiga,Baptista2019,bɾiga,Baptista2019,luta,AraujoHagemeijer2013,pɛza,HagemeijerMaurer-CecchiniSegorbe2020,luta,Araujo2012,vugu,Cosme2014,lutɐ,SilvaAfonsoMachadoCunhaMarquesFernandesGianfranchiJúniorBorgesMartinsZardoLimaMendesTrigo2024,geɾiɟa,Biagui2012,bɾiŋa,JacobsHoyer2018,pelia,Schwegler2000,pilja,Diccionario2008,pelja,Sippola2011,piʎa,DeCastro2019,bhiga,Tobler 1983,lite,Barthèlemi 2007,bat,Valdman et al. 1999,gumẽ,Wittmann 1973,gumɛ̃,Barbotin & Tourenux 2000,gumɛ̃,Confiant 2007,bat,Mondesir 1992,lageɣ,Wittmann 1973,,,bataje,"Michaelis, Rosalie & Muhme 2009"
fingernail,body part,uɲɐ,uña,ɔ̃ɡl,,,,,,,uɲa,Callaway1820,,,uɲa,BaxterSilva2004,,,uɲa,Maurer2011,uɲɐ,Quint1998,,,uɲɐ,Swolkien2015,,,,,iɲɛ,Bandeira2017,uɲa,Bandeira2017,umuɲɐ,Araujo2012,iɲɛ,Bandeira2017,uɲɐ,SilvaAfonsoMachadoCunhaMarquesFernandesGianfranchiJúniorBorgesMartinsZardoLimaMendesTrigo2024,ɲuɲa,Biagui2012,huɲa,Quint2000,,,unjas,Diccionario2008,kunja,Ocampo1947,,,zɔŋ,Tobler 1983,zɔŋ,Barthèlemi 2007,zõŋg,Valdman et al. 1999,,,zoŋ,Barbotin & Tourenux 2000,zoŋ,Confiant 2007,gwif,Frank 2001,zoŋ,Wittmann 1973,,,gɣif,Baker 1982
fire,environment,fogu,fuego,fø,fog,Clements2011,fog,Clements2011,fog,Clements2012,foːʋ,Clements2012,fogə,Clements2012,fogu,BaxterSilva2004,fogu,FernandesBaxter2001,fogu,Maurer2011,fogu,Quint1998,lum,Baptista2014,lum,Baptista2019,lumi,Tavares2020,lumi,Baptista2019,fogo,AraujoHagemeijer2013,fugã,HagemeijerMaurer-CecchiniSegorbe2020,ufogu,Araujo2012,fogo,Cosme2014,fugu,SilvaAfonsoMachadoCunhaMarquesFernandesGianfranchiJúniorBorgesMartinsZardoLimaMendesTrigo2024,fugu,Biagui2012,kandela,Quint2000,fogo,Schwegler2000,pwegu,Diccionario2008,pwegu,Sippola2011,pwegu,DeCastro2019,dʒife,Tobler 1983,fe,Barthèlemi 2007,dife,Valdman et al. 1999,dife,Wittmann 1973,ɟife,Barbotin & Tourenux 2000,ɟife,Confiant 2007,dife,Frank 2001,dife,Wittmann 1973,fe,Baker 1982,ɟife,Baker 1982
fish,animal,pejʃɨ,"pez, pescado",pwasõ,peʃ,Clements2011,peʃ,Clements2011,peʃ,Clements2012,peːsi,Clements2012,peʃi,Clements2012,pesi,BaxterSilva2004,pese,FernandesBaxter2001,,,peʃi,Quint1998,peʃ,Baptista2014,peʃ,Baptista2019,peʃi,Baptista2019,peʃi,Baptista2019,piʃi,Bandeira2017,piʃi,Bandeira2017,peʃi,Araujo2012,kikie,Bandeira2017,pis,SilvaAfonsoMachadoCunhaMarquesFernandesGianfranchiJúniorBorgesMartinsZardoLimaMendesTrigo2024,pis,Biagui2012,piska,Quint2000,pekkaw,Schwegler2000,peskaw,Diccionario2008,peskaw,Sippola2011,piskaw,DeCastro2019,pwasõ,Tobler 1983,posõ,Barthèlemi 2007,pwasõ,Valdman et al. 1999,pwesõ,Wittmann 1973,pwasɔ̃,Barbotin & Tourenux 2000,pwesɔ̃,Confiant 2007,pwesõ,Frank 2001,posõ,Wittmann 1973,pwasɔ̃,Baker 1982,pwasɔ̃,Baker 1982
five,quant,sĩku,cinco,sɛ̃k,sink,Clements2011,sink,Clements2011,sĩk,Clements2012,siːnku,Clements2012,sinkə,Clements2012,siŋku,BaxterSilva2004,sinku,FernandesBaxter2001,siŋku,Maurer2011,sĩku,Quint1998,sĩŋk,Baptista2014,sĩk,Baptista2019,sĩku,Baptista2019,sĩku,Baptista2019,ʃĩku,Bandeira2017,ʃĩku,Bandeira2017,ʃĩku,Araujo2012,tano,Bandeira2017,sĩku,SilvaAfonsoMachadoCunhaMarquesFernandesGianfranchiJúniorBorgesMartinsZardoLimaMendesTrigo2024,siɲku,Biagui2012,sinku,JacobsHoyer2018,siŋko,Mercado2026,siŋku,Diccionario2008,siŋku,Sippola2011,siŋku,Camins1999,sɛ̃ŋk,Tobler 1983,sẽk,Barthèlemi 2007,sẽk,Valdman et al. 1999,sẽk,Wittmann 1973,sɛ̃k,Barbotin & Tourenux 2000,sɛ̃k,Confiant 2007,sɛ̃k,Mondesir 1992,sẽk,Wittmann 1973,,,sɛ̃k,"Michaelis, Rosalie & Muhme 2009"
float,motion,flutwaɾ,flotar,flɔte,taɾtahika,Clements2012,nada,Clements2012,,,nada,Clements2012,"
agsuɾibətəʋaj",Clements2012,boja,BaxterSilva2004,,,,,boja,Baptista2019,boja,Baptista2019,boja,Baptista2019,boja,Baptista2019,boja,Baptista2019,bɔja,AraujoHagemeijer2013,bɔja,Cosme2014,bɔja,Cosme2014,bɔja,Cosme2014,,,boɟa,Biagui2012,dɾif,JacobsHoyer2018,,,,,lutaŋ,Sippola2011,,,flote,Tobler 1987,flote,Barthèlemi 2007,flote,Valdman et al. 1999,flote,Wittmann 1973,flote,Barbotin & Tourenux 2000,flote,Confiant 2007,flote,Mondesir 1992,flote,Wittmann 1973,,,flote,"Michaelis, Rosalie & Muhme 2009"
flow,motion,flwiɾ,fluir,kule,wahunanda,Clements2012,ʋaza,Clements2012,ʋaza,Clements2012,,,,,kure,BaxterSilva2004,,,,,koɾe,Baptista2019,kɾe,Baptista2019,koʀe,Baptista2019,koɾe,Baptista2019,koɾe,Baptista2019,koleselele,AraujoHagemeijer2013,,,,,,,daɾmɐ,SilvaAfonsoMachadoCunhaMarquesFernandesGianfranchiJúniorBorgesMartinsZardoLimaMendesTrigo2024,,,koɾe,JacobsHoyer2018,,,,,,,,,,,kule,Barthèlemi 2007,kule,Valdman et al. 1999,kule,Wittmann 1973,kule,Barbotin & Tourenux 2000,kule,Confiant 2007,kule,Mondesir 1992,kule,Wittmann 1973,kule,Staudacher-Valliamee 2001,kule,"Michaelis, Rosalie & Muhme 2009"
flower,environment,floɾ,flor,flœʁ,ful,Clements2011,floɾ,Clements2011,floɾ,Clements2012,fuːla,Clements2012,fula,Clements2012,floris,BaxterSilva2004,fula,FernandesBaxter2001,fula,Maurer2011,flɔɾ,Quint1998,floɾ,Baptista2019,floɾ,Baptista2019,floɾ,Baptista2019,floɾ,Baptista2019,flɔli,Bandeira2017,fɔːl,Bandeira2017,ufɔli,Araujo2012,fɔli,Bandeira2017,flur,SilvaAfonsoMachadoCunhaMarquesFernandesGianfranchiJúniorBorgesMartinsZardoLimaMendesTrigo2024,flor,Biagui2012,floɾ,JacobsHoyer2018,flo,Moñino2002,ploɾes,Diccionario2008,ploɾ,Sippola2011,ploɾis,DeCastro2019,butʃe,Tobler 1983,flɛʁ,Barthèlemi 2007,flɛ,Valdman et al. 1999,flɛ,Wittmann 1973,flɛ,Barbotin & Tourenux 2000,flɛ,Confiant 2007,flɛ,Mondesir 1992,fleɣ,Wittmann 1973,,,flɛɛ,"Michaelis, Rosalie & Muhme 2009"
fly (v.),motion,vwaɾ,volar,vɔle,awga,Clements2011,agwa,Clements2011,uʋa,Clements2012,awgaː,Clements2012,agwə,Clements2012,abwa,BaxterSilva2004,agua̹,FernandesBaxter2001,aboa,Maurer2011,buɐ,Quint1998,vwɐ,Baptista2019,vwɐ,Baptista2019,bwɐ,Tavares2020,bwa,Baptista2019,vwa,AraujoHagemeijer2013,vwa,HagemeijerMaurer-CecchiniSegorbe2020,vwa,Araujo2012,pupuka,Cosme2014,boa,SilvaAfonsoMachadoCunhaMarquesFernandesGianfranchiJúniorBorgesMartinsZardoLimaMendesTrigo2024,buwa,Biagui2012,bula,Quint2000,,,bula,Escalante2005,bula,Sippola2011,bula,Camins1999,vole,Tobler 1983,,,vole,Valdman et al. 1999,vole,Wittmann 1973,vole,Barbotin & Tourenux 2000,vole,Confiant 2007,vole,Frank 2001,ãvole,Wittmann 1973,vole,Baker 1982,vole,Baker 1982
fog,environment,nɨvwejɾu,niebla,bʁujaʁ,fumas,Clements2011,oɾvaʎ,Clements2011,uʋa,Clements2012,uɾuʋajːa,Clements2012,fog,Clements2012,,,,,,,nɛgwɐ,Quint1998,nevweɾ,Baptista2019,nevweɾ,Baptista2019,nɛbɐ,Baptista2019,nɛbɐ,Baptista2019,neblina,AraujoHagemeijer2013,,,lubina,Araujo2012,,,sɨɾen,SilvaAfonsoMachadoCunhaMarquesFernandesGianfranchiJúniorBorgesMartinsZardoLimaMendesTrigo2024,,,nebli,JacobsHoyer2018,,,,,,,,,lafime,Tobler 1987,,,bɾujaɾ,Valdman et al. 1999,bɣuja,Wittmann 1973,bwuja,Barbotin & Tourenux 2000,bwuja,Confiant 2007,vape,Mondesir 1992,bɣujaɣ,Wittmann 1973,,,bɣujaa,"Michaelis, Rosalie & Muhme 2009"
foot,body part,pɛ,pie,pje,pe,Clements2011,pe,Clements2011,pe,Clements2012,peː,Clements2012,pɛ,Clements2012,pew,BaxterSilva2004,pe,FernandesBaxter2001,pew,Maurer2011,pɛ,Quint1998,pe,Baptista2019,pe,Baptista2019,pe,Baptista2019,pe,Baptista2019,ɔpɛ,Bandeira2017,ɔpɛ,Bandeira2017,ɔpɛ,Araujo2012,ɔpɛ,Bandeira2017,pɛ,SilvaAfonsoMachadoCunhaMarquesFernandesGianfranchiJúniorBorgesMartinsZardoLimaMendesTrigo2024,pe,Biagui2012,pija,Quint2000,pje,Schwegler2000,pjes,Diccionario2008,pjes,Sippola2011,pjes,DeCastro2019,pje,Tobler 1983,pje,Barthèlemi 2007,pje,Valdman et al. 1999,pje,Wittmann 1973,pie,Barbotin & Tourenux 2000,pje,Confiant 2007,pje,Frank 2001,lipie,Wittmann 1973,pje,Baker 1982,lipje,Baker 1982
forest,environment,fluɾɛʃtɐ,bosque,fɔʁɛ,,,,,,,matu,Callaway1820,,,matu,BaxterSilva2004,,,matu,Maurer2011,matu,Quint1998,mot,Baptista2014,,,,,,,obo,AraujoHagemeijer2013,ogo,Cosme2014,matu,Araujo2012,obo,Cosme2014,matu,SilvaAfonsoMachadoCunhaMarquesFernandesGianfranchiJúniorBorgesMartinsZardoLimaMendesTrigo2024,matu,Biagui2012,matu,Jacobs2012,monde,Mercado2026,,,bondok,Sippola2011,monti,Camins1999,dãmbwa,Tobler 1983,,,bwa,Valdman et al. 1999,,,gɣãbwa,Barbotin & Tourenux 2000,gɣãbwa,Confiant 2007,lafowe,Mondesir 1992,lafoɣe,Wittmann 1973,foʀe,Stein 1984,foɣe,"Michaelis, Rosalie & Muhme 2009"
four,quant,kwatɾu,cuatro,katʁ,kwat,Clements2012,kɔt,Clements2012,kwɔt,Clements2012,katɾu,Clements2012,katɾə,Clements2012,kwatu,BaxterSilva2004,katɾu,FernandesBaxter2001,käteɾ,Maurer2011,kwatu,Quint1998,kwat,Baptista2014,kwat,Swolkien2015,kwatu,Tavares2020,kwatu,Baptista2019,kwatlu,Bandeira2017,xatulu,Bandeira2017,kwatu,Araujo2012,kwanɐ,Bandeira2017,kwɐtɾu,SilvaAfonsoMachadoCunhaMarquesFernandesGianfranchiJúniorBorgesMartinsZardoLimaMendesTrigo2024,kwatur,Biagui2012,kwateɾ,JacobsHoyer2018,kwatɾo,Schwegler1996,kwatɾu,Diccionario2008,kwatɾu,Sippola2011,,,kat,Tobler 1983,kat,Barthèlemi 2007,kat,Valdman et al. 1999,kat,Wittmann 1973,kat,Barbotin & Tourenux 2000,kat,Confiant 2007,kat,Mondesir 1992,kat,Wittmann 1973,kat,Stein 1984,kat,"Michaelis, Rosalie & Muhme 2009"
freeze,environment,kõʒɨlaɾ,"congelarse, helar",ʒəle,bəɾəfhika,Clements2012,fikadʒel,Clements2012,fikadʒel,Clements2012,,,fɾiːz,Clements2012,,BaxterSilva2004,,,,,ʒelɐ,Baptista2019,ʒela,Baptista2019,ʒela,Baptista2019,ʒelɐ,Baptista2019,ʒela,Baptista2019,,,,,,,,,,,,,fɾis,JacobsHoyer2018,,,ela,Diccionario2008,,,,,kõʒele,Carvalho et al. 2022,kõʒle,Barthèlemi 2007,fɾedi,Valdman et al. 1999,ʒele,Wittmann 1973,glase,Barbotin & Tourenux 2000,glase,Confiant 2007,glasi,Mondesir 1992,kõzele,Wittmann 1973,,,,"Michaelis, Rosalie & Muhme 2009"
fruit,environment,fɾutɐ,fruta,fʁɥi,fɾujt,Clements2011,fɾut,Clements2011,fuɾt,Clements2012,fɾʋiːta,Clements2012,fɾutɛ,Clements2012,fruta,BaxterSilva2004,fɾuta,FernandesBaxter2001,fɾuta,Maurer2011,fɾutɐ,Quint1998,fɾutɐ,Baptista2019,fɾutɐ,Baptista2019,fɾuta,Baptista2019,fɾuta,Baptista2019,fluta,AraujoHagemeijer2013,fulutu,HagemeijerMaurer-CecchiniSegorbe2020,futa,Araujo2012,,,fɾutɐ,SilvaAfonsoMachadoCunhaMarquesFernandesGianfranchiJúniorBorgesMartinsZardoLimaMendesTrigo2024,fruta,Biagui2012,fɾuta,JacobsHoyer2018,fɾuta,Dieck2000,pɾuta,Diccionario2008,pɾutas,Sippola2011,pɾuta,DeCastro2019,fw̥i,Tobler 1983,fʁi,Barthèlemi 2007,fɾi,Valdman et al. 1999,fwi,Wittmann 1973,fwi,Barbotin & Tourenux 2000,fwi,Confiant 2007,fwi,Mondesir 1992,fɣi,Wittmann 1973,vaʀãg,Staudacher-Valliamee 2001,fɣi,"Michaelis, Rosalie & Muhme 2009"
full,adjective,ʃeju,lleno,plɛ̃,itʃid,Clements2012,intʃid,Clements2012,ʃej,Clements2012,intʃidu,Clements2012,intʃid,Clements2012,tʃew,BaxterSilva2004,intʃidu,FernandesBaxter2001,intʃi,Maurer2011,tʃew,Quint1998,tʃew,Baptista2014,tʃew,Swolkien2015,ʃeju,Tavares2020,tʃeu,Baptista2019,ʃa,AraujoHagemeijer2013,ʃia,Cosme2014,ʃadu,Araujo2012,sia,Cosme2014,ĩtʃɨ,SilvaAfonsoMachadoCunhaMarquesFernandesGianfranchiJúniorBorgesMartinsZardoLimaMendesTrigo2024,ɟiɲci,Biagui2012,jen,Quint2000,ɲiɾilo,Mercado2026,ljenu,Diccionario2008,jenu,Sippola2011,jenu,DeCastro2019,plɛ̃,Tobler 1983,plẽ,Barthèlemi 2007,plẽ,Valdman et al. 1999,,,plɛ̃,Barbotin & Tourenux 2000,plɛ̃,Confiant 2007,plɛ̃,Frank 2001,plẽ,Wittmann 1973,plɛ̃,Baker 1982,plɛ̃,Baker 1982
give,transfer,daɾ,dar,dɔne,da,Clements2011,da,Clements2011,da,Clements2012,daː,Clements2012,da,Clements2012,da,BaxterSilva2004,da̹,FernandesBaxter2001,da,Maurer2011,dɐ,Quint1998,da,Baptista2019,da,Baptista2019,dɐ,Tavares2020,da,Baptista2019,da,Bandeira2017,da,Bandeira2017,da,Araujo2012,da,Bandeira2017,da,SilvaAfonsoMachadoCunhaMarquesFernandesGianfranchiJúniorBorgesMartinsZardoLimaMendesTrigo2024,da,Biagui2012,duna,Quint2000,nda,Dieck2000,dali,Diccionario2008,dali,Sippola2011,dali,DeCastro2019,baj,Tobler 1983,ba,Barthèlemi 2007,dõne,Valdman et al. 1999,ba,Wittmann 1973,ba,Barbotin & Tourenux 2000,ba,Confiant 2007,baj,Frank 2001,done,Wittmann 1973,done,Baker 1982,done,Baker 1982
good,adjective,bõ,bueno,bɔ̃,,,bõ,Clements2011,bõ,Clements2012,boːm,Clements2012,bɔ̃,Clements2012,boŋ,BaxterSilva2004,boŋ,FernandesBaxter2001,boŋ,Maurer2011,bõ,Quint1998,bõ,Baptista2014,bõ,Baptista2019,bõ,Baptista2019,bõ,Baptista2019,bõ,AraujoHagemeijer2013,bɔ̃,HagemeijerMaurer-CecchiniSegorbe2020,bõ,Araujo2012,bo,Cosme2014,bõŋ,SilvaAfonsoMachadoCunhaMarquesFernandesGianfranchiJúniorBorgesMartinsZardoLimaMendesTrigo2024,bõ,Biagui2012,bõ,Quint2000,bjen,Schwegler2000,bwenu,Diccionario2008,bwenu,Sippola2011,bwenu,DeCastro2019,bɔ̃,Tobler 1983,bõ,Barthèlemi 2007,bõ,Valdman et al. 1999,bõ,Wittmann 1973,bɔ̃,Barbotin & Tourenux 2000,bɔ̃,Confiant 2007,bɔ̃,Frank 2001,bon,Wittmann 1973,bɔ̃,Baker 1982,bɔ̃,Baker 1982
grass,environment,ɛɾvɐ,"hierba, grama, zacate",ɛʁb,pal,Clements2012,paʎ,Clements2012,ɛɾʋ,Clements2012,ɛːɾʋa,Clements2012,gɾasə,Clements2012,ɛbra,BaxterSilva2004,,,eɾba,Maurer2011,padʒɐ,Baptista2019,mɔt,Baptista2019,eɾvɐ,Baptista2019,eɾvɐ,Baptista2019,eɾvɐ,Baptista2019,alibɐ,Bandeira2017,alba,Bandeira2017,aribɐ,Araujo2012,iku,Bandeira2017,paʎɐ,SilvaAfonsoMachadoCunhaMarquesFernandesGianfranchiJúniorBorgesMartinsZardoLimaMendesTrigo2024,paɟa,Biagui2012,jeɾba,JacobsHoyer2018,,,sakati,Diccionario2008,sakati,Sippola2011,sakati,DeCastro2019,hadʒe,Tobler 1983,ʁadʒe,Barthèlemi 2007,lɛɾb,Valdman et al. 1999,zɛb,Wittmann 1973,zɛb,Barbotin & Tourenux 2000,zeb,Confiant 2007,zɛb,Mondesir 1992,leɣb,Wittmann 1973,,,lɛɛb,"Michaelis, Rosalie & Muhme 2009"
green,colour,veɾdɨ,verde,vɛʁ,ʋɛɾd,Clements2011,ʋɛɾd,Clements2011,ʋeɾd,Clements2012,ʋeːɾdi,Clements2012,ʋɛɾdi,Clements2012,bedri,BaxterSilva2004,veɾde,FernandesBaxter2001,beɾdi,Maurer2011,beɾdi,Quint1998,veɾd,Baptista2014,veɾd,Baptista2019,beɾdi,Baptista2019,veɾdi,Baptista2019,vede,Bandeira2017,veːdʒi,Bandeira2017,vede,Araujo2012,vedi,Bandeira2017,veɾdɪ,SilvaAfonsoMachadoCunhaMarquesFernandesGianfranchiJúniorBorgesMartinsZardoLimaMendesTrigo2024,berdu,Biagui2012,bɛɾdɛ,Quint2000,bitʃe,Estrada2005,beɾdi,Diccionario2008,beɾdi,Sippola2011,beɻdi,DeCastro2019,vjat,Tobler 1983,vɛʁ,Barthèlemi 2007,vɛɾ,Valdman et al. 1999,vɛt,Wittmann 1973,vɛ,Barbotin & Tourenux 2000,vɛ,Confiant 2007,vɛt,Frank 2001,veɣ,Wittmann 1973,vɛɛ,Baker 1982,vɛɛ,Baker 1982
guts,body part,tɾipɐʃ,tripas,"ɑ̃tʁɑj, ɛ̃tɛstɛ̃",tɾĩp,Clements2011,tɾip,Clements2011,tɾip,Clements2012,tɾipa,Clements2012,tɾipə,Clements2012,,,tɾipa,FernandesBaxter2001,tɾipa,Maurer2011,tɾipɐ,Quint1998,tɾipɐ,Baptista2019,tɾipɐ,Baptista2019,tɾipɐ,Baptista2019,tɾipɐ,Baptista2019,tlipa,AraujoHagemeijer2013,tʃiːpa,HagemeijerMaurer-CecchiniSegorbe2020,tʃipa,Araujo2012,malɐ,Bandeira2017,tɾipɐ,SilvaAfonsoMachadoCunhaMarquesFernandesGianfranchiJúniorBorgesMartinsZardoLimaMendesTrigo2024,,,tɾipa,JacobsHoyer2018,tɾipa,Dieck2000,tripa,Diccionario2008,,,tɾipa,DeCastro2019,thip,Tobler 1987,tʁip,Barthèlemi 2007,letɾip,Valdman et al. 1999,tɣip,Wittmann 1973,zãtɣaj,Barbotin & Tourenux 2000,zãtɣaj,Confiant 2007,bojo,Mondesir 1992,tɣip,Wittmann 1973,tʀip,Staudacher-Valliamee 2001,zɛ̃testɛ̃,"Michaelis, Rosalie & Muhme 2009"
hair,body part,kɐbelu,"pelo, cabello",ʃəvø,kabel,Clements2011,kabil,Clements2011,kabel,Clements2012,kabeːl,Clements2012,kabeli,Clements2012,kabelu,BaxterSilva2004,kabelu,FernandesBaxter2001,kabelu,Maurer2011,kɐbelu,Quint1998,kebel,Baptista2014,kɐbel,Baptista2019,kɐbel,Tavares2020,kabelu,Baptista2019,kabelu,Bandeira2017,xabɛlu,Bandeira2017,kabɛlu,Araujo2012,kabelu,Bandeira2017,kabelʊ,SilvaAfonsoMachadoCunhaMarquesFernandesGianfranchiJúniorBorgesMartinsZardoLimaMendesTrigo2024,kabelu,Biagui2012,kabej,Quint2000,kabew,Mercado2026,pelu,Diccionario2008,pelu,Sippola2011,pelu,DeCastro2019,ʃive,Tobler 1987,ʃive,Barthèlemi 2007,ʃve,Valdman et al. 1999,ʃive,Wittmann 1973,ʃive,Barbotin & Tourenux 2000,ʃive,Confiant 2007,ʃive,Frank 2001,seve,Wittmann 1973,seve,Baker 1982,seve,Baker 1982
hand,body part,mɐ̃w̃,mano,mɛ̃,mãw,Clements2011,mãw,Clements2011,mãw,Clements2012,mam,Clements2012,mɔ̃,Clements2012,maŋ,BaxterSilva2004,ma̜ŋ,FernandesBaxter2001,maw,Maurer2011,mo,Quint1998,mõ,Baptista2014,mõ,Swolkien2015,mõ,Tavares2020,mõ,Baptista2019,mõ,AraujoHagemeijer2013,omã,HagemeijerMaurer-CecchiniSegorbe2020,umã,Araujo2012,mo,Bandeira2017,mõ,SilvaAfonsoMachadoCunhaMarquesFernandesGianfranchiJúniorBorgesMartinsZardoLimaMendesTrigo2024,moŋ,Biagui2012,mã,Quint2000,mano,Schwegler2000,manu,Diccionario2008,manu,Sippola2011,manu,DeCastro2019,lame,Tobler 1983,lamẽ,Barthèlemi 2007,lamẽ,Valdman et al. 1999,mẽ,Wittmann 1973,lãmɛ̃,Barbotin & Tourenux 2000,lãmɛ̃,Confiant 2007,lãmɛ̃,Frank 2001,lamẽ,Wittmann 1973,mɛ̃,Baker 1982,lamɛ̃,Baker 1982
he/she,pro,elɨ,"él, ella","il, ɛl",el,Clements2011,il,Clements2011,el,Clements2012,eli,Clements2012,eli,Clements2012,eli,BaxterSilva2004,ele,FernandesBaxter2001,eli,Maurer2011,e,Quint1998,el,Baptista2014,el,Baptista2019,e,Baptista2019,e,Baptista2019,ele,Bandeira2017,eli,Bandeira2017,eli,Araujo2012,ele,Bandeira2017,ɛɬ,SilvaAfonsoMachadoCunhaMarquesFernandesGianfranchiJúniorBorgesMartinsZardoLimaMendesTrigo2024,ɟel,Biagui2012,e,JacobsHoyer2018,e,Schwegler2000,eli,Diccionario2008,eli,Sippola2011,eli,DeCastro2019,li,Tobler 1983,i,Barthèlemi 2007,li,Valdman et al. 1999,li,Wittmann 1973,i,Barbotin & Tourenux 2000,i,Confiant 2007,li,Mondesir 1992,li,Wittmann 1973,li,Stein 1984,i,"Michaelis, Rosalie & Muhme 2009"
head,body part,kɐbesɐ,cabeza,tɛt,kabes,Clements2011,kabes,Clements2011,kabes,Clements2012,kaʋasa,Clements2012,kabesə,Clements2012,kabesa,BaxterSilva2004,kabesa,FernandesBaxter2001,kabesa,Maurer2011,kɐbɛsɐ,Quint1998,kebɛsa,Baptista2019,kɐbɛsɐ,Baptista2019,kɐbɛsɐ,Tavares2020,kabɛsa,Baptista2019,kabesɐ,Bandeira2017,xabɛsa,Bandeira2017,kabɛsɛ,Araujo2012,nte,Bandeira2017,kabesɐ,SilvaAfonsoMachadoCunhaMarquesFernandesGianfranchiJúniorBorgesMartinsZardoLimaMendesTrigo2024,kabisa,Biagui2012,kabes,Quint2000,kabesa,Moñino2002,kabesa,Diccionario2008,kabesa,Sippola2011,kabesa,DeCastro2019,tɛt,Tobler 1983,tɛt,Barthèlemi 2007,latɛt,Valdman et al. 1999,tɛt,Wittmann 1973,tɛt,Barbotin & Tourenux 2000,tɛt,Confiant 2007,tɛt,Frank 2001,latet,Wittmann 1973,latɛt,Baker 1982,latet,Baker 1982
hear,perception verb,owviɾ,oír,ɑ̃tɑ̃dʁ,oʋi,Clements2011,uʋi,Clements2011,uʋi,Clements2012,oʋiː,Clements2012,oi,Clements2012,ubi,BaxterSilva2004,uvi,FernandesBaxter2001,obi,Maurer2011,obi,Quint1998,uvi,Baptista2014,uvi,Baptista2019,obi,Baptista2019,ubi,Baptista2019,tẽde,Bandeira2017,tẽde,Bandeira2017,tẽde,Araujo2012,vakɐ̃na,Bandeira2017,obi,SilvaAfonsoMachadoCunhaMarquesFernandesGianfranchiJúniorBorgesMartinsZardoLimaMendesTrigo2024,sukta,Biagui2012,tende,Quint2000,kutʃa,BickertonEscalante1970,oi,Diccionario2008,uwi,Sippola2011,oi,DeCastro2019,tãde,Tobler 1983,tãde,Barthèlemi 2007,ekute,Valdman et al. 1999,tãde,Wittmann 1973,tãn,Barbotin & Tourenux 2000,tãn,Confiant 2007,tãn,Frank 2001,tãde,Wittmann 1973,ãtã,Baker 1982,tã,Baker 1982
heart,body part,kuɾɐsɐ̃w̃,corazón,kœʁ,koɾsãw,Clements2011,kuɾəsãw,Clements2011,kuɾəsãw,Clements2012,koɾsam,Clements2012,koɾso,Clements2012,korsaŋ,BaxterSilva2004,korasa̜ŋ,FernandesBaxter2001,koɾasaŋ,Maurer2011,koɾɐsõ,Quint1998,kɾosõ,Baptista2014,koɾasõ,Baptista2019,kuɾɐsɐ̃,Tavares2020,koɾasõ,Baptista2019,klɔsɔ̃,AraujoHagemeijer2013,kuːsã,HagemeijerMaurer-CecchiniSegorbe2020,kosã,Araujo2012,kɔθɔ,Bandeira2017,kuɾɐsõ,SilvaAfonsoMachadoCunhaMarquesFernandesGianfranchiJúniorBorgesMartinsZardoLimaMendesTrigo2024,kɔɾsɔŋ,Biagui2012,kuɾasõ,Quint2000,kolaso,Schwegler2000,kurason,Diccionario2008,kurason,Sippola2011,kurason,DeCastro2019,tʃɔ,Tobler 1983,tʃɔ,Barthèlemi 2007,kɛɾ,Valdman et al. 1999,kɛ,Wittmann 1973,cɛ,Barbotin & Tourenux 2000,cɛ,Confiant 2007,tʒɛ,Frank 2001,lekeɣ,Wittmann 1973,kɛɛ,Baker 1982,lekɛɛ,Baker 1982
heavy,adjective,pɨzadu,pesado,luʁ,pedzad,Clements2011,pezad,Clements2011,pezad,Clements2012,pezaːdu,Clements2012,pezad,Clements2012,pezadu,BaxterSilva2004,,,fedʒidu,Maurer2011,pisadu,Quint1998,pezɔd,Baptista2019,pezɔd,Baptista2019,pizadu,Tavares2020,pizadu,Baptista2019,,,pizadu,HagemeijerMaurer-CecchiniSegorbe2020,kwadu,Araujo2012,,,pizadu,SilvaAfonsoMachadoCunhaMarquesFernandesGianfranchiJúniorBorgesMartinsZardoLimaMendesTrigo2024,pisadu,Biagui2012,pisa,JacobsHoyer2018,,,pisaw,Diccionario2008,pisaw,Sippola2011,pisaw,DeCastro2019,pezã,Tobler 1983,lu,Barthèlemi 2007,luɾ,Valdman et al. 1999,lu,Wittmann 1973,lu,Barbotin & Tourenux 2000,lu,Confiant 2007,lu,Mondesir 1992,luɣ,Wittmann 1973,,,luu,"Michaelis, Rosalie & Muhme 2009"
here,pro,ɐki,"aquí, acá",isi,aki,Clements2011,aqui,Clements2011,aki,Clements2012,akiː,Clements2012,ɛki,Clements2012,naki,BaxterSilva2004,aki,FernandesBaxter2001,aki,Maurer2011,li,Quint1998,ej,Baptista2014,li,Baptista2019,li,Baptista2019,li,Baptista2019,nai,AraujoHagemeijer2013,jaj,HagemeijerMaurer-CecchiniSegorbe2020,ka,Araujo2012,iŋe,Cosme2014,li,SilvaAfonsoMachadoCunhaMarquesFernandesGianfranchiJúniorBorgesMartinsZardoLimaMendesTrigo2024,li,Biagui2012,aki,Quint2000,aki,Schwegler2000,aki,Diccionario2008,aki,Sippola2011,aki,DeCastro2019,isila,Tobler 1983,isi,Barthèlemi 2007,isit,Valdman et al. 1999,isit,Wittmann 1973,isi,Barbotin & Tourenux 2000,isi a,Confiant 2007,isi,Mondesir 1992,isi,Wittmann 1973,isi,Stein 1984,isi,"Michaelis, Rosalie & Muhme 2009"
hit,impact,bɐteɾ,golpear,fʁape,dal,Clements2012,bate,Clements2011,bate,Clements2012,daːi,SilvaTrigo2022,,,dali,BaxterSilva2004,ziŋgwa̹,FernandesBaxter2001,fajtoka,Maurer2011,kõku,Quint1998,kũŋki,Baptista2014,dɐ,Baptista2019,bate,Baptista2019,bate,Baptista2019,bate,Bandeira2017,bate,Bandeira2017,bate,Araujo2012,bate,Bandeira2017,sutɐ,SilvaAfonsoMachadoCunhaMarquesFernandesGianfranchiJúniorBorgesMartinsZardoLimaMendesTrigo2024,suta,Biagui2012,bati,JacobsHoyer2018,goppea,Mercado2026,gulpja,Diccionario2008,gulpja,Sippola2011,piga,DeCastro2019,bat,Tobler 1983,bat,Barthèlemi 2007,fɾape,Valdman et al. 1999,fɣape,Wittmann 1973,ba ku,Barbotin & Tourenux 2000,"ba ku, ba cok",Confiant 2007,fwape,Mondesir 1992,bate,Wittmann 1973,don,Staudacher-Valliamee 2001,fɣape,"Michaelis, Rosalie & Muhme 2009"
hold,transfer,sɨɡuɾaɾ,tener,təniʁ,tuma,Clements2012,tuma,Clements2012,tuma,Clements2012,toma,Clements2012,tama,Clements2012,sigura,BaxterSilva2004,pega̹,FernandesBaxter2001,,,suguɾɐ,Quint1998,pɲa,Baptista2014,sgeɾa,Baptista2019,pɐɲa,Tavares2020,pega,Baptista2019,pala,Bandeira2017,sugula,Bandeira2017,segwa,Araujo2012,θegwa,Bandeira2017,suguɾa,SilvaAfonsoMachadoCunhaMarquesFernandesGianfranchiJúniorBorgesMartinsZardoLimaMendesTrigo2024,,,tene,JacobsHoyer2018,pega,Schwegler2000,gara,Diccionario2008,tjeni,Sippola2011,agara,DeCastro2019,tʃẽmbe,Tobler 1987,tjen,Barthèlemi 2007,tʃẽ,Valdman et al. 1999,kẽbe,Wittmann 1973,cɛ̃be,Barbotin & Tourenux 2000,cɛ̃be,Confiant 2007,tʃɛ̃be,Mondesir 1992,tini,Wittmann 1973,tjɛ̃bo,Stein 1984,tenii,"Michaelis, Rosalie & Muhme 2009"
horn,animal product,koɾnu,cuerno,kɔʁn,ʃiŋ,Clements2012,dãntʃ,Clements2012,tʃif,Clements2012,koɾnu,Clements2012,,,,,,,koɾnu,Maurer2011,koɾnu,Quint1998,tʃif,Baptista2014,ʃifɾ,Swolkien2015,koɾu,Tavares2020,,,kɔnɛta,AraujoHagemeijer2013,xõ,Bandeira2017,ʃifi,Araujo2012,kɔkɔ,Bandeira2017,tʃifɾi,SilvaAfonsoMachadoCunhaMarquesFernandesGianfranchiJúniorBorgesMartinsZardoLimaMendesTrigo2024,cifur,Biagui2012,katʃu,Quint2000,katʃo,Moñino2002,kweɾnu,Diccionario2008,kweɾnu,Sippola2011,tuɾutut,Camins1999,kɔn,Tobler 1987,,,kɔɾn,Valdman et al. 1999,,,kɔ̃n,Barbotin & Tourenux 2000,kɔ̃n,Confiant 2007,kɔn,Frank 2001,koɣn,Baker1982,kɔɔn,Baker 1982,kɔɔn,Baker 1982
how,pro,kumu,cómo,kɔmã,kilɛ,Clements2012,kilaj,Clements2012,kom,Clements2012,kilaj,Clements2012,kɛlɛj,Clements2012,kaj,BaxterSilva2004,komu,FernandesBaxter2001,kan,Maurer2011,mɔdi,Quint1998,kmenɛrɐ,Baptista2014,mɐnɛɾɐ,Swolkien2015,simɐ,Tavares2020,mɔdɐ ki,Baptista2019,kumɐ,Bandeira2017,koma,Bandeira2017,kumɐ,Araujo2012,kumɐ,Bandeira2017,kuma,SilvaAfonsoMachadoCunhaMarquesFernandesGianfranchiJúniorBorgesMartinsZardoLimaMendesTrigo2024,kuma,Biagui2012,kon,JacobsHoyer2018,kumo,Schwegler2000,kilaja,Sippola2013,kamo,Sippola2011,pakimodu,DeCastro2019,kumã,Tobler 1983,kumã,Barthèlemi 2007,komã,Valdman et al. 1999,kõmã,Wittmann 1973,kumã,Barbotin & Tourenux 2000,kimãnjɛ,Confiant 2007,kumã,Mondesir 1992,kumã,Wittmann 1973,komã,Stein 1984,kɔ̃mã,"Michaelis, Rosalie & Muhme 2009"
hunt,impact,kɐsaɾ,cazar,ʃase,kasadbiɾka,Clements2011,vajkasad,Clements2011,,,kasaɾia,SilvaTrigo2022,,,baiponta,BaxterSilva2004,,,,,kasɐ,Quint1998,kɐsa,Baptista2014,kasa,Baptista2019,kasa,Baptista2019,kasa,Baptista2019,kasa,AraujoHagemeijer2013,xasa,Cosme2014,kasa,Araujo2012,kaθa,Cosme2014,montia,SilvaAfonsoMachadoCunhaMarquesFernandesGianfranchiJúniorBorgesMartinsZardoLimaMendesTrigo2024,,,jag,JacobsHoyer2018,,,buska,Diccionario2008,saka,Sippola2011,pahaɾea,Camins1999,alelaʃas,Tobler 1987,ʃase,Barthèlemi 2007,ʃase,Valdman et al. 1999,ʃase,Wittmann 1973,ʃase,Barbotin & Tourenux 2000,ʃase,Confiant 2007,ale laʃas,Mondesir 1992,lasas,Wittmann 1973,,,sase,"Michaelis, Rosalie & Muhme 2009"
husband,human,mɐɾidu,"esposo, marido","maʁi, epu",maɾid,Clements2011,maɾid,Clements2011,ɔm,Clements2012,maɾiːdu,Clements2012,maɾidə,Clements2012,maridu,BaxterSilva2004,maɾidu,FernandesBaxter2001,maɾidu,Maurer2011,mɐɾidu,Quint1998,meɾid,Baptista2014,meɾid,Baptista2019,maɾidu,Baptista2019,maɾidu,Baptista2019,malidu,Bandeira2017,mɛːdu,Bandeira2017,maːdu,Araujo2012,ɔmɛ,Bandeira2017,spozu,SilvaAfonsoMachadoCunhaMarquesFernandesGianfranchiJúniorBorgesMartinsZardoLimaMendesTrigo2024,womi,Biagui2012,esposo,JacobsHoyer2018,mailo,Schwegler2000,maɾidu,Diccionario2008,maɾidu,Sippola2011,maɾidu,DeCastro2019,ɔm,Tobler 1983,maʁi,Barthèlemi 2007,maɾi,Valdman et al. 1999,maɣi,Wittmann 1973,mawi,Barbotin & Tourenux 2000,nɔ̃m maje,Confiant 2007,mawi,Mondesir 1992,maɣi,Wittmann 1973,maʀi,Staudacher-Valliamee 2001,maɣi,"Michaelis, Rosalie & Muhme 2009"
I,pro,ew,yo,ʒə,jo,Clements2011,jo,Clements2011,jo,Clements2012,eːʋ,Clements2012,jo,Clements2012,jo,BaxterSilva2004,yow,FernandesBaxter2001,jo,Maurer2011,m,Quint1998,mĩ,Baptista2014,ũ,Swolkien2015,mi,Tavares2020,n,Baptista2019,ami,Bandeira2017,amu,Bandeira2017,ami,Araujo2012,ami,Bandeira2017,ami,SilvaAfonsoMachadoCunhaMarquesFernandesGianfranchiJúniorBorgesMartinsZardoLimaMendesTrigo2024,mi,Biagui2012,mi,Quint2000,i,Schwegler2000,jo,Diccionario2008,jo,Sippola2011,jo,DeCastro2019,mo,Tobler 1983,mo,Barthèlemi 2007,mo,Valdman et al. 1999,mwẽ,Wittmann 1973,mwɛ̃,Barbotin & Tourenux 2000,mwɛ̃,Confiant 2007,mwɛ̃,Frank 2001,mwa,Wittmann 1973,mwɛ̃,Baker 1982,mo,Baker 1982
ice,environment,ʒelu,hielo,ɡlas,bəɾəf,Clements2011,dʒel,Clements2011,dʒel,Clements2012,ajs,SilvaTrigo2022,ajs,Clements2012,,,,,agu pedɾa,Maurer2011,ʒɛlu,Quint1998,ʒel,Baptista2019,ʒel,Baptista2019,ʒelu,Baptista2019,ʒelu,Baptista2019,ʒelu,AraujoHagemeijer2013,,,,,,,ʒelu,SilvaAfonsoMachadoCunhaMarquesFernandesGianfranchiJúniorBorgesMartinsZardoLimaMendesTrigo2024,,,ejs,JacobsHoyer2018,,,jelu,Diccionario2008,jelu,Sippola2011,,,laglas,Tobler 1987,glas,Barthèlemi 2007,laglas,Valdman et al. 1999,glas,Wittmann 1973,glas,Barbotin & Tourenux 2000,glas,Confiant 2007,laglas,Mondesir 1992,laglas,Wittmann 1973,,,glasɔ̃,"Michaelis, Rosalie & Muhme 2009"
if,conj,sɨ,si,si,ʃi,Clements2011,si,Clements2011,si,Clements2012,seː,Clements2012,sə,Clements2012,kantu,BaxterSilva2004,si,FernandesBaxter2001,kalu,Maurer2011,si,Quint1998,se,Baptista2014,se,Baptista2019,si,Baptista2019,si,Baptista2019,ʃi,Cosme2014,si,HagemeijerMaurer-CecchiniSegorbe2020,ʃi,Araujo2012,si,Cosme2014,si,SilvaAfonsoMachadoCunhaMarquesFernandesGianfranchiJúniorBorgesMartinsZardoLimaMendesTrigo2024,si,Biagui2012,si,JacobsHoyer2018,si,Schwegler2000,si,Diccionario2008,si,Sippola2011,si,DeCastro2019,si,Tobler 1983,si,Barthèlemi 2007,si,Valdman et al. 1999,si,Wittmann 1973,si,Barbotin & Tourenux 2000,si,Confiant 2007,si,Mondesir 1992,si,Wittmann 1973,si,Stein 1984,si,"Michaelis, Rosalie & Muhme 2009"
in,location,ẽ,en,dɑ̃,supɛɾt,Clements2011,də,Clements2011,jũtdə,Clements2012,ntu,Clements2012,,,na,BaxterSilva2004,na,FernandesBaxter2001,dentəɾ,Maurer2011,nɐ,Quint1998,nɐ,Baptista2014,dẽt,Baptista2019,na,Baptista2019,na,Baptista2019,n,AraujoHagemeijer2013,ni,Cosme2014,na,Cosme2014,ni,Cosme2014,nɐ,SilvaAfonsoMachadoCunhaMarquesFernandesGianfranchiJúniorBorgesMartinsZardoLimaMendesTrigo2024,,,den,JacobsHoyer2018,lendɾo,Patiño2002,na,Diccionario2008,na,Sippola2011,na,DeCastro2019,ãdã,Tobler 1983,ã,Barthèlemi 2007,dã,Valdman et al. 1999,nã,Wittmann 1973,ã,Barbotin & Tourenux 2000,ã,Confiant 2007,ã,Mondesir 1992,dã,Wittmann 1973,dã,Stein 1984,dã,"Michaelis, Rosalie & Muhme 2009"
kill,impact,mɐtaɾ,matar,tɥe,mata,Clements2011,mata,Clements2011,mata,Clements2012,mataː,Clements2012,matæ,Clements2012,mata,BaxterSilva2004,,,mata,Maurer2011,matɐ,Quint1998,mata,Baptista2019,mɐta,Baptista2019,mɐtɐ,Tavares2020,mata,Baptista2019,mata,AraujoHagemeijer2013,mata,HagemeijerMaurer-CecchiniSegorbe2020,mata,Araujo2012,mata,Cosme2014,matɐ,SilvaAfonsoMachadoCunhaMarquesFernandesGianfranchiJúniorBorgesMartinsZardoLimaMendesTrigo2024,mata,Biagui2012,mata,Quint2000,mata,Schwegler2000,mata,Diccionario2008,mata,Sippola2011,mata,DeCastro2019,tʃue,Tobler 1983,tʃwe,Barthèlemi 2007,tʃwe,Valdman et al. 1999,tuje,Wittmann 1973,cwe,Barbotin & Tourenux 2000,cwe,Confiant 2007,ʧuje,Frank 2001,tuje,Wittmann 1973,tje,Baker 1982,tuje,Baker 1982
knee,body part,ʒueʎu,rodilla,ʒənu,dʰopa,Clements2011,indʒwel,Clements2011,dʒwej,Clements2012,indʒuʋej,Clements2012,,,nzelu,BaxterSilva2004,,,indʒabel,Maurer2011,dwedʒu,Quint1998,,,,,dwedʒu,Tavares2020,,,zũta,Bandeira2017,ozojo,Bandeira2017,oze,Araujo2012,mpuna,Bandeira2017,dʒudʒʊ,SilvaAfonsoMachadoCunhaMarquesFernandesGianfranchiJúniorBorgesMartinsZardoLimaMendesTrigo2024,,,ɾudija,Quint2000,luɾia,Schwegler2000,rudiljas,Diccionario2008,rudiljas,Sippola2011,rudiʎas,DeCastro2019,ʒunu,Tobler 1983,ʒunu,Barthèlemi 2007,ʒnu,Valdman et al. 1999,,,ʒunu,Barbotin & Tourenux 2000,ʒunu,Confiant 2007,ʒunu,Frank 2001,zenu,Wittmann 1973,zonu,Baker 1982,zenu,Baker 1982
know,perception verb,sɐbeɾ,saber,savwaʁ,sabe,Clements2011,sabe,Clements2011,sabe,Clements2012,saʋa,Clements2012,sabɛ,Clements2012,sabe,BaxterSilva2004,sabe,FernandesBaxter2001,kaŋse,Maurer2011,sɐbi,Quint1998,sɛb,Baptista2014,sɐbe,Baptista2019,sɐbe,Tavares2020,sabe,Baptista2019,se,AraujoHagemeijer2013,xonose,HagemeijerMaurer-CecchiniSegorbe2020,sebe,Araujo2012,eta,Cosme2014,sibi,SilvaAfonsoMachadoCunhaMarquesFernandesGianfranchiJúniorBorgesMartinsZardoLimaMendesTrigo2024,sebe,Biagui2012,sabi,Quint2000,sabe,Schwegler2013,sabi,Diccionario2008,sabi,Sippola2011,sabi,DeCastro2019,save,Tobler 1983,save,Barthèlemi 2007,kõne,Valdman et al. 1999,kõnẽ,Wittmann 1973,sav,Barbotin & Tourenux 2000,sav,Confiant 2007,sav,Frank 2001,kone,Wittmann 1973,kone,Baker 1982,kone,Baker 1982
lake,environment,lagu,lago,lak,təla,Clements2011,tajnk,Clements2011,tãk,Clements2012,tanki,Clements2012,,,,BaxterSilva2004,,,lugaɾ agu,Maurer2011,lɐgwɐ,Quint1998,lɐgoɐ,Baptista2019,pɔsɐ,Baptista2019,lɐgoɐ,Baptista2019,lɐgoɐ,Baptista2019,oljo,AraujoHagemeijer2013,,,lagu,Araujo2012,,,lagu,SilvaAfonsoMachadoCunhaMarquesFernandesGianfranchiJúniorBorgesMartinsZardoLimaMendesTrigo2024,,,lago,JacobsHoyer2018,,,lagu,Diccionario2008,lawa (Aus. etym),Ocampo1947,,,lag,Tobler 1983,lak,Barthèlemi 2007,lak,Valdman et al. 1999,etã,Wittmann 1973,lak,Barbotin & Tourenux 2000,lak,Confiant 2007,lak,Mondesir 1992,ɣezeɣvwaɣ,Wittmann 1973,,,lak,"Michaelis, Rosalie & Muhme 2009"
laugh,body verb,ʀiɾ,reír,ʁiʁ,ɾʰi,Clements2011,ɾi,Clements2011,ɾi,Clements2012,ɾiː,Clements2012,ɾihɛ,Clements2012,ri,BaxterSilva2004,ɾi,FernandesBaxter2001,ɾi,Maurer2011,ɾi,Quint1998,eɾi,Baptista2019,eɾi,Baptista2019,aɾi,Baptista2019,aɾi,Baptista2019,li,AraujoHagemeijer2013,li,HagemeijerMaurer-CecchiniSegorbe2020,rĩ,Araujo2012,di,Cosme2014,ɲiɲi,SilvaAfonsoMachadoCunhaMarquesFernandesGianfranchiJúniorBorgesMartinsZardoLimaMendesTrigo2024,,,aɾi,JacobsHoyer2018,ɾi,BickertonEscalante1970,ri,Diccionario2008,reji,Sippola2011,rei,Camins1999,ahi,Tobler 1987,aʁi,Barthèlemi 2007,ɾi,Valdman et al. 1999,ɣi,Wittmann 1973,ɣi,Barbotin & Tourenux 2000,ɣi,Confiant 2007,wi,Mondesir 1992,ɣiɣ,Wittmann 1973,ʀi,Staudacher-Valliamee 2001,ɣiɣe,"Michaelis, Rosalie & Muhme 2009"
leaf,environment,foʎɐ,hoja,fœj,fol,Clements2011,fol,Clements2011,foj,Clements2012,fɔːja,Clements2012,fɔʎə,Clements2012,fola,BaxterSilva2004,fɔlja,FernandesBaxter2001,fola,Maurer2011,fodʒa,Quint1998,fɔʎa,Baptista2019,fɔʎa,Baptista2019,fɔdʒa,Baptista2019,fɔdʒa,Baptista2019,fja,Bandeira2017,fol,Bandeira2017,fja,Araujo2012,fja,Bandeira2017,foʎɐ,SilvaAfonsoMachadoCunhaMarquesFernandesGianfranchiJúniorBorgesMartinsZardoLimaMendesTrigo2024,paɟa,Biagui2012,foja,JacobsHoyer2018,,,ohas,Diccionario2008,ohas,Sippola2011,ohas,DeCastro2019,fej,Tobler 1983,fej,Barthèlemi 2007,fej,Valdman et al. 1999,fɛj,Wittmann 1973,fej,Barbotin & Tourenux 2000,fej,Confiant 2007,fej,Frank 2001,fej,Wittmann 1973,fej,Baker 1982,fej,Baker 1982
left,adjective,ɨʃkeɾdɐ,izquierda,ɡoʃ,dawɾibadzu,Clements2012,iʃkeɾd,Clements2012,ladiskeɾd,Clements2012,majskaɾda,Clements2012,left,Clements2012,skerdu,BaxterSilva2004,,,,,skɛɾdɐ,Quint1998,ʃkeɾdɐ,Baptista2019,ʃkeɾdɐ,Baptista2019,skɛɾdɐ,Baptista2019,skɛɾdɐ,Baptista2019,ʃkɛdu,Bandeira2017,skɛːdʒi,HagemeijerMaurer-CecchiniSegorbe2020,kjɛdɛ,Araujo2012,sikɛdu,Bandeira2017,ʃkeɾdɐ,SilvaAfonsoMachadoCunhaMarquesFernandesGianfranchiJúniorBorgesMartinsZardoLimaMendesTrigo2024,sikerdu,Biagui2012,ɾobes,JacobsHoyer2018,ikjedda,Schwegler1996,iskjeɾda,Diccionario2008,kaliwa,Sippola2011,iskjeɻda,DeCastro2019,gɔʃ,Tobler 1983,ɡoʃ,Barthèlemi 2007,goʃ,Valdman et al. 1999,gɔʃ,Wittmann 1973,goʃ,Barbotin & Tourenux 2000,goʃ,Confiant 2007,gɔʃ,Mondesir 1992,gos,Wittmann 1973,,,gos,"Michaelis, Rosalie & Muhme 2009"
leg,body part,pɛɾnɐ,pierna,ʒɑ̃b,pe,Clements2011,pe,Clements2011,pɛ,Clements2012,peː,Clements2012,pɛ,Clements2012,perna,BaxterSilva2004,peɾna,FernandesBaxter2001,pew,Maurer2011,pɛ,Quint1998,pɛɾna,Baptista2019,pɛɾnɐ,Baptista2019,pɛ,Baptista2019,pɛɾnɐ,Baptista2019,ɔpɛ,AraujoHagemeijer2013,pɛːna,HagemeijerMaurer-CecchiniSegorbe2020,pɛna,Araujo2012,ope,Cosme2014,perna,SilvaAfonsoMachadoCunhaMarquesFernandesGianfranchiJúniorBorgesMartinsZardoLimaMendesTrigo2024,pe,Biagui2012,pia,JacobsHoyer2018,pjenna,Moñino2002,pjeɾna,Escalante2005,pjeɾna,Sippola2011,pjeɻna,DeCastro2019,ʒam,Tobler 1983,ʒãm,Barthèlemi 2007,ʒãm,Valdman et al. 1999,ʒãm,Wittmann 1973,ʒãm,Barbotin & Tourenux 2000,ʒãm,Confiant 2007,ʒãm,Mondesir 1992,lazam,Wittmann 1973,,,lazãm,"Michaelis, Rosalie & Muhme 2009"
lie,motion,dejtaɾ,"echarse (action), yacer, estar en el suelo (state)",setɑ̃dʁ,koɾppiʃad,Clements2011,diskənsa,Clements2011,diskənsa,Clements2012,detaː,Clements2012,dɛtɛ,Clements2012,deta,BaxterSilva2004,lagaɾtia̹,FernandesBaxter2001,,,detɐ,Quint1998,deta,Baptista2019,deta,Baptista2019,detɐ,Tavares2020,deta,Baptista2019,dɛta,AraujoHagemeijer2013,,,,,,,ditɐ,SilvaAfonsoMachadoCunhaMarquesFernandesGianfranchiJúniorBorgesMartinsZardoLimaMendesTrigo2024,dita,Biagui2012,lɛx,Quint2000,ɲiŋgota,Mercado2026,,,kusta,Ocampo1947,ligid,DeCastro2019,kuʃe,Tobler 1983,kuʃe,Barthèlemi 2007,kuʃe,Valdman et al. 1999,kuʃe,Wittmann 1973,lɔ̃ʒe,Barbotin & Tourenux 2000,lɔ̃ʒe,Confiant 2007,kuʃe,Frank 2001,alõze,Wittmann 1973,kuse,Baker 1982,alɔ̃ze,Baker 1982
live,body verb,viveɾ,vivir,vivʁ,ʋibhika,Clements2011,vive,Clements2011,vive,Clements2012,ʋiʋe,Callaway1820,,,bibe,BaxterSilva2004,vivu,FernandesBaxter2001,vivi,Maurer2011,bibi,Quint1998,vive,Baptista2014,vive,Baptista2019,vive,Baptista2019,vive,Baptista2019,vive,AraujoHagemeijer2013,ta,Cosme2014,veve,Araujo2012,ta,Cosme2014,vivɪ,SilvaAfonsoMachadoCunhaMarquesFernandesGianfranchiJúniorBorgesMartinsZardoLimaMendesTrigo2024,,,biba,JacobsHoyer2018,bibi,Schwegler2013,bibi,Diccionario2008,bibi,Sippola2011,bibi,DeCastro2019,hete,Tobler 1983,viv,Barthèlemi 2007,viv,Valdman et al. 1999,viv,Wittmann 1973,viv,Barbotin & Tourenux 2000,viv,Confiant 2007,viv,Mondesir 1992,viv,Wittmann 1973,,,ɣeste,"Michaelis, Rosalie & Muhme 2009"
liver,body part,figɐdu,hígado,fwɑ,fig,Clements2011,fig,Clements2011,fig,Clements2012,fiʋdu,Clements2012,liveɾ,Clements2012,fildu,BaxterSilva2004,,,koɾsaŋ,Maurer2011,figu,Quint1998,fig,Baptista2019,fig,Baptista2019,figu,Tavares2020,figɐdu,Baptista2019,figadu,Cosme2014,fugudu,Bandeira2017,figadu,Araujo2012,figadu,Bandeira2017,figɐdu,SilvaAfonsoMachadoCunhaMarquesFernandesGianfranchiJúniorBorgesMartinsZardoLimaMendesTrigo2024,,,higɾa,Quint2000,igaɾo,Moñino2002,igadu,Diccionario2008,ataj,Sippola2011,igadu,DeCastro2019,fwa,Tobler 1983,fwa,Barthèlemi 2007,fwa,Valdman et al. 1999,fwa,Wittmann 1973,fwa,Barbotin & Tourenux 2000,fwa,Confiant 2007,fwa,Frank 2001,lefwa,Wittmann 1973,fwa,Baker 1982,lefwa,Baker 1982
long,adjective,kũpɾidu,largo,lõ,kopɾid,Clements2011,kumpɾid,Clements2011,kõpɾid,Clements2012,kumpɾiːdu,Clements2012,kumpɾidə,Clements2012,kumpridu,BaxterSilva2004,kumpɾidu,FernandesBaxter2001,kumpɾidu,Maurer2011,kũpɾidu,Quint1998,kũŋpɾid,Baptista2019,kũpɾid,Baptista2019,kũpɾidu,Baptista2019,kũpɾidu,Baptista2019,lõgo,AraujoHagemeijer2013,loŋgo,HagemeijerMaurer-CecchiniSegorbe2020,lõgo,Araujo2012,lõgo,Cosme2014,kumpridʊ,SilvaAfonsoMachadoCunhaMarquesFernandesGianfranchiJúniorBorgesMartinsZardoLimaMendesTrigo2024,kumpridu,Biagui2012,laɾgu,Quint2000,lago,Hancock1975,laɾgu,Diccionario2008,laɾgu,Sippola2011,laɻgu,DeCastro2019,lɔ̃,Tobler 1983,loŋ,Barthèlemi 2007,lõ,Valdman et al. 1999,lõ,Wittmann 1973,loŋ,Barbotin & Tourenux 2000,lɔ̃,Confiant 2007,lɔ̃ŋ,Frank 2001,loŋ,Wittmann 1973,lɔ̃g,Baker 1982,lɔ̃,Baker 1982
louse,animal,pjoʎu,piojo,pu,pijol,Clements2011,pjoʎ,Clements2011,piol,Clements2012,pijoːj,Clements2012,pioji,Clements2012,pjolu,BaxterSilva2004,,,piolu,Maurer2011,pjodʒu,Quint1998,pjoj,Baptista2019,pjoj,Baptista2019,pjodʒu,Baptista2019,pjodʒu,Baptista2019,idu,Bandeira2017,idu,Bandeira2017,idu,Araujo2012,idu,Bandeira2017,kɐɾɐ̃gɐ,SilvaAfonsoMachadoCunhaMarquesFernandesGianfranchiJúniorBorgesMartinsZardoLimaMendesTrigo2024,,,pjew,Quint2000,,,piohu,Diccionario2008,pjohu,Sippola2011,,,pu,Tobler 1987,pu,Barthèlemi 2007,pu,Valdman et al. 1999,pu,Wittmann 1973,pu,Barbotin & Tourenux 2000,pu,Confiant 2007,pu,Frank 2001,lipu,Wittmann 1973,pu,Baker 1982,lipu,Baker 1982
man (adult male),human,ɔmẽ,varón,ɔm,ɔm,Clements2011,ɔm,Clements2011,ɔm,Clements2012,ɔːmi,Clements2012,ɔmi,Clements2012,omi,BaxterSilva2004,ome,FernandesBaxter2001,omi,Maurer2011,ɔmi,Quint1998,om,Baptista2014,ɔm,Swolkien2015,ɔmi,Baptista2019,ɔmi,Baptista2019,ɔmɛ,Bandeira2017,ɔmɛ,Bandeira2017,ɔmi,Araujo2012,ɔmɛ,Bandeira2017,omɪ,SilvaAfonsoMachadoCunhaMarquesFernandesGianfranchiJúniorBorgesMartinsZardoLimaMendesTrigo2024,womi,Biagui2012,hɔmbeɾ,Quint2000,ombe,BickertonEscalante1970,ombɾi,Diccionario2008,ombɾi,Sippola2011,ombɾi,DeCastro2019,ɔm,Tobler 1983,wõm,Barthèlemi 2007,nõm,Valdman et al. 1999,nɔm,Wittmann 1973,nɔ̃m,Barbotin & Tourenux 2000,nɔ̃m,Confiant 2007,nɔ̃m,Frank 2001,zom,Wittmann 1973,zom,Baker 1982,zom,Baker 1982
man (human being),human,ɔmẽ,hombre,ɔm,,,,,,,pesoːa,SilvaTrigo2022,,,kletura,BaxterSilva2004,,,dʒenti omi,Maurer2011,ɐlgẽ,Quint1998,psoɐ,Baptista2014,psoɐ,Swolkien2015,ɐɾgẽ,Tavares2020,,,kliʃtõ,AraujoHagemeijer2013,ŋe,Cosme2014,nĩge,Cosme2014,nĩŋe,Cosme2014,pɛkadoɾ,SilvaAfonsoMachadoCunhaMarquesFernandesGianfranchiJúniorBorgesMartinsZardoLimaMendesTrigo2024,,,hende,Quint2000,hende,Schwegler2013,henti,Diccionario2008,henti,Sippola2011,piɻsona,DeCastro2019,mũ,Tobler 1983,,,mun,Valdman et al. 1999,,,mun,Barbotin & Tourenux 2000,mun,Confiant 2007,mun,Frank 2001,dimun,Wittmann 1973,mun,Baker 1982,ɟimun,Baker 1982
many,quant,mũj̃tu,mucho,boku,mɔt,Clements2012,mwit,Clements2012,mujt,Clements2012,mujtu,Clements2012,,,tantu,BaxterSilva2004,mutu,FernandesBaxter2001,tantu,Maurer2011,tʃew,Quint1998,mut,Baptista2014,tʃew,Swolkien2015,tʃew,Tavares2020,tʃew,Baptista2019,maʃimõtʃi,AraujoHagemeijer2013,mɔ̃tʃi,Cosme2014,mõtʃi,Cosme2014,motʃi,Cosme2014,tʃiw,SilvaAfonsoMachadoCunhaMarquesFernandesGianfranchiJúniorBorgesMartinsZardoLimaMendesTrigo2024,ciw,Biagui2012,maʃa,Quint2000,mutʃo,Schwegler2000,mutʃu,Diccionario2008,mutʃu,Sippola2011,mutʃu,DeCastro2019,boku,Tobler 1983,boku,Barthèlemi 2007,boku,Valdman et al. 1999,ãpil,Wittmann 1973,ãpil,Barbotin & Tourenux 2000,ãpil,Confiant 2007,bɔku,Frank 2001,buku,Wittmann 1973,boku,Baker 1982,boku,Baker 1982
meat,animal product,kaɾnɨ,carne,vjɑ̃d,kʰaɾm,Clements2011,kaɾn,Clements2011,kaɾ,Clements2012,kaːɾni,Clements2012,kaɾni,Clements2012,kandri,BaxterSilva2004,kaɾne,FernandesBaxter2001,kaɾni,Maurer2011,kaɾni,Quint1998,keɾ,Baptista2019,kaɾ,Baptista2019,kaɾni,Baptista2019,kaɾni,Baptista2019,kani,Bandeira2017,xaːni,Bandeira2017,ukani,Araujo2012,kani,Bandeira2017,karni,SilvaAfonsoMachadoCunhaMarquesFernandesGianfranchiJúniorBorgesMartinsZardoLimaMendesTrigo2024,karna,Biagui2012,kaɾni,Quint2000,kanne,BickertonEscalante1970,kaɾni,Diccionario2008,kaɾni,Sippola2011,kaɻni,DeCastro2019,laʃe,Tobler 1983,vjãn,Barthèlemi 2007,vjãn,Valdman et al. 1999,vjãn,Wittmann 1973,vjãn,Barbotin & Tourenux 2000,vjãn,Confiant 2007,vjãn,Frank 2001,lavjã,Wittmann 1973,vjã,Baker 1982,lavjã,Baker 1982
moon,environment,luɐ,luna,lyn,,,lu,Clements2011,lu,Clements2012,luma,Callaway1820,luʋə,Clements2012,luŋa,BaxterSilva2004,lua,FernandesBaxter2001,luŋaɾ,Maurer2011,lwɐ,Quint1998,,,,,,,,,nwa,Bandeira2017,nwa,Bandeira2017,unwa,Araujo2012,mbezi,Bandeira2017,luŋa,SilvaAfonsoMachadoCunhaMarquesFernandesGianfranchiJúniorBorgesMartinsZardoLimaMendesTrigo2024,luŋa,Biagui2012,luna,Quint2000,luna,Mercado2026,luna,Diccionario2008,luna,Sippola2011,luna,DeCastro2019,lalin,Tobler 1983,lalin,Barthèlemi 2007,lalin,Valdman et al. 1999,,,lalin,Barbotin & Tourenux 2000,lalin,Confiant 2007,lalin,Frank 2001,la lin,Wittmann 1973,lin,Baker 1982,lalin,Baker 1982
mother,human,mɐ̃j̃,madre,mɛʁ,maj,Clements2011,maj,Clements2011,mãj,Clements2012,maj,Clements2012,maj,Clements2012,maj,BaxterSilva2004,mɐj,FernandesBaxter2001,maj,Maurer2011,mɐj,Quint1998,mẽ,Baptista2019,mɐ̃j,Swolkien2015,ma,Baptista2019,maj,Baptista2019,mama,AraujoHagemeijer2013,mãj̃,HagemeijerMaurer-CecchiniSegorbe2020,mwĩ,Araujo2012,mama,Bandeira2017,mamɛ,SilvaAfonsoMachadoCunhaMarquesFernandesGianfranchiJúniorBorgesMartinsZardoLimaMendesTrigo2024,mamɛ,Biagui2012,mama,JacobsHoyer2018,magɾe,Schwegler1996,madɾi,Diccionario2008,madɾi,Sippola2011,nana,DeCastro2019,mãmã,Tobler 1983,mãmã,Barthèlemi 2007,momã,Valdman et al. 1999,mãmã,Wittmann 1973,mãmã,Barbotin & Tourenux 2000,mãmã,Confiant 2007,mãmã,Mondesir 1992,mama,Wittmann 1973,mãmã,Staudacher-Valliamee 2001,mãmã,"Michaelis, Rosalie & Muhme 2009"
mountain,environment,mõtɐɲɐ,montaña,mɔ̃taɲ,sɛrgran,Clements2011,montaɲ,Clements2011,,,montaɲa,Clements2012,montaɲə,Clements2012,montaɲa,BaxterSilva2004,,,monti,Maurer2011,mũti,Quint1998,mõnt,Baptista2019,mõt,Baptista2019,mũti,Tavares2020,mõti,Baptista2019,oke,Cosme2014,iki,Cosme2014,okje,Cosme2014,lõde,Cosme2014,mõtaɲɐ,SilvaAfonsoMachadoCunhaMarquesFernandesGianfranchiJúniorBorgesMartinsZardoLimaMendesTrigo2024,,,seɾu,Quint2000,montaɲa,Patiño2002,monti,Diccionario2008,monti,Sippola2011,monti,DeCastro2019,mõtãj,Carvalho et al. 2022,mõtãɲ,Barthèlemi 2007,mõtãɲ,Valdman et al. 1999,mɔn,Wittmann 1973,mɔ̃taj,Barbotin & Tourenux 2000,mɔ̃taj,Confiant 2007,mɔ̃tãj,Frank 2001,mõtãj,Wittmann 1973,mɔ̃tã,Baker 1982,mɔ̃tã,Baker 1982
mouth,body part,bokɐ,boca,buʃ,bok,Clements2011,bok,Clements2011,bok,Clements2012,boːka,Clements2012,bɔkə,Clements2012,boka,BaxterSilva2004,bɔka,FernandesBaxter2001,boka,Maurer2011,bɔkɐ,Quint1998,bɔka,Baptista2019,bɔka,Baptista2019,bɔka,Baptista2019,bɔka,Baptista2019,bɔkɐ,Bandeira2017,boxa,Bandeira2017,ubukɐ,Araujo2012,bokɐ,Bandeira2017,bokɐ,SilvaAfonsoMachadoCunhaMarquesFernandesGianfranchiJúniorBorgesMartinsZardoLimaMendesTrigo2024,boka,Biagui2012,boka,Quint2000,boka,Schwegler2000,boka,Diccionario2008,boka,Sippola2011,boka,DeCastro2019,buʃ,Tobler 1983,buʃ,Barthèlemi 2007,buʃ,Valdman et al. 1999,buʃ,Wittmann 1973,ɟol,Barbotin & Tourenux 2000,buʃ,Confiant 2007,buʃ,Frank 2001,labus,Wittmann 1973,bus,Baker 1982,labus,Baker 1982
name,human,nɔmɨ,nombre,nɔ̃,nom,Clements2011,nom,Clements2011,nom,Clements2012,nɔːmi,Clements2012,nɔmi,Clements2012,nomi,BaxterSilva2004,nome,FernandesBaxter2001,nomi,Maurer2011,nɔmi,Quint1998,nom,Baptista2019,nɔm,Baptista2019,nɔmi,Baptista2019,nɔmi,Baptista2019,nɔmi,AraujoHagemeijer2013,namu,HagemeijerMaurer-CecchiniSegorbe2020,nɔmi,Araujo2012,nɔmi,Cosme2014,nɔmi,SilvaAfonsoMachadoCunhaMarquesFernandesGianfranchiJúniorBorgesMartinsZardoLimaMendesTrigo2024,nomi,Biagui2012,nɔmbəɾ,Quint2000,,,nombɾi,Diccionario2008,nombɾi,Sippola2011,nombɾi,DeCastro2019,nõ,Tobler 1983,nõ,Barthèlemi 2007,nõ,Valdman et al. 1999,nõ,Wittmann 1973,nɔ̃,Barbotin & Tourenux 2000,nɔ̃,Confiant 2007,nɔ̃ ,Frank 2001,nõ,Wittmann 1973,nɔ̃,Baker 1982,nɔ̃,Baker 1982
narrow,adjective,ʃtɾejtu,"estrecho, angosto",etʁwa,tʃũntʃ,Clements2011,estɾet,Clements2011,,,istɾeːtu,Clements2012,idungija,Clements2012,gapidu,BaxterSilva2004,finu,FernandesBaxter2001,apeɾtadu,Maurer2011,peɾtadu,Quint1998,stɾet,Baptista2019,ʃtɾet,Baptista2019,stɾetu,Baptista2019,stɾetu,Baptista2019,fĩfi,AraujoHagemeijer2013,,,tʃɛkɛtʃɛkɛ,Araujo2012,,,,,,,smal,JacobsHoyer2018,aŋgoto,Mercado2026,istɾetʃu,Diccionario2008,istɾetʃu,Sippola2011,,,sehe,Carvalho et al. 2022,etʁɛt,Barthèlemi 2007,etɾwa,Valdman et al. 1999,etwat,Wittmann 1973,etwɛt,Barbotin & Tourenux 2000,etwet,Confiant 2007,etwet,Mondesir 1992,seɣe,Wittmann 1973,,,etɣwat,"Michaelis, Rosalie & Muhme 2009"
near,adjective,pɛɾtu,cerca,pʁɛ,pɛɾt,Clements2011,pɛɾt,Clements2011,pɛɾt,Clements2012,pɛːɾtu,Clements2012,pɛɾtə,Clements2012,pertu,BaxterSilva2004,peɾtu,FernandesBaxter2001,peɾtu,Maurer2011,pɛɾtu,Quint1998,peɾt,Baptista2014,pɛɾt,Baptista2019,peɾtu,Baptista2019,peɾtu,Baptista2019,pɛtu,Bandeira2017,pɛːtu,Bandeira2017,pɛtu,Araujo2012,pɛtu,Bandeira2017,pɛɾtu,SilvaAfonsoMachadoCunhaMarquesFernandesGianfranchiJúniorBorgesMartinsZardoLimaMendesTrigo2024,pertu,Biagui2012,seɾka,JacobsHoyer2018,sekka,Dieck2000,seɾka,Diccionario2008,seɾka,Sippola2011,seɻka,DeCastro2019,phɔʃ,Tobler 1983,oʁa,Barthèlemi 2007,kote,Valdman et al. 1999,pɣe,Wittmann 1973,tupɣe,Barbotin & Tourenux 2000,tupɣe,Confiant 2007,pwe,Mondesir 1992,pɣe,Wittmann 1973,pjɔɔs,Staudacher-Valliamee 2001,pɣe,"Michaelis, Rosalie & Muhme 2009"
neck,body part,pɨʃkosu,cuello,ku,biskos,Clements2011,gaɾgãt,Clements2011,,,piskoːs,SilvaTrigo2022,piskos,Clements2012,garganta,BaxterSilva2004,,,piskosu,Maurer2011,piskɔs,Quint1998,peskos,Baptista2019,peskos,Baptista2019,piskos,Tavares2020,piskos,Baptista2019,klɔ̃klɔ,AraujoHagemeijer2013,gotʃi,HagemeijerMaurer-CecchiniSegorbe2020,koto,Araujo2012,sĩgo,Bandeira2017,gɐrgɐ̃tɨ,SilvaAfonsoMachadoCunhaMarquesFernandesGianfranchiJúniorBorgesMartinsZardoLimaMendesTrigo2024,,,nɛk,Quint2000,pekweso,Mercado2026,peskwesu,Diccionario2008,kwelju,Sippola2011,peskwesu,DeCastro2019,gɔʒ,Tobler 1987,goʁʒ,Barthèlemi 2007,ku,Valdman et al. 1999,ku,Wittmann 1973,ku,Barbotin & Tourenux 2000,ku,Confiant 2007,ku,Frank 2001,liku,Wittmann 1973,ku,Baker 1982,liku,Baker 1982
new,adjective,novu,nuevo,"nuvo, nœf",nob,Clements2011,noʋ,Clements2011,noʋ,Clements2012,noːʋ,Clements2012,nɔʋə,Clements2012,nubu,BaxterSilva2004,novu,FernandesBaxter2001,nobu,Maurer2011,nɔbu,Quint1998,nov,Baptista2014,nov,Baptista2019,nɔbu,Tavares2020,nobu,Baptista2019,nɔvu,AraujoHagemeijer2013,nɔvu,Cosme2014,nɔvu,Araujo2012,nɔvu,Cosme2014,nobu,SilvaAfonsoMachadoCunhaMarquesFernandesGianfranchiJúniorBorgesMartinsZardoLimaMendesTrigo2024,nobu,Biagui2012,nobo,Quint2000,nwebo,Hancock1975,nwebu,Diccionario2008,nwebu,Sippola2011,nwebu,DeCastro2019,nɔv,Tobler 1983,nɔv,Barthèlemi 2007,nuvo,Valdman et al. 1999,nuvo,Wittmann 1973,nuvo,Barbotin & Tourenux 2000,dɛnje,Confiant 2007,"nɛf, nivo",Frank 2001,nuvo,Wittmann 1973,nev,Baker 1982,nef,Baker 1982
night,time,nojtɨ,noche,nɥi,anot,Clements2011,anot,Clements2011,nojt,Clements2012,anoːti,Clements2012,nojti,Clements2012,anuti,BaxterSilva2004,ano̹te,FernandesBaxter2001,anoti,Maurer2011,noti,Quint1998,not,Baptista2014,dnot,Baptista2019,noti,Baptista2019,noti,Baptista2019,notʃi,Bandeira2017,notʃi,Bandeira2017,unotʃi,Araujo2012,noti,Bandeira2017,nojtɨ,SilvaAfonsoMachadoCunhaMarquesFernandesGianfranchiJúniorBorgesMartinsZardoLimaMendesTrigo2024,noti,Biagui2012,notʃi,Quint2000,notʃe,Hancock1975,notʃi,Diccionario2008,notʃi,Sippola2011,notʃi,DeCastro2019,nwit,Tobler 1983,lanwi,Barthèlemi 2007,nwit,Valdman et al. 1999,nwit,Wittmann 1973,lãnuit,Barbotin & Tourenux 2000,lãnwit,Confiant 2007,lãnɥit,Frank 2001,lanwi,Wittmann 1973,nwit,Baker 1982,lanwit,Baker 1982
nose,body part,nɐɾiʃ,nariz,ne,naɾis,Clements2011,naɾis,Clements2011,naɾis,Clements2012,naːɾis,Clements2012,naɾis,Clements2012,naris,BaxterSilva2004,naɾiz,FernandesBaxter2001,naɾis,Maurer2011,nɐɾis,Quint1998,neɾis,Baptista2019,neɾiʃ,Baptista2019,nɐɾis,Tavares2020,naɾis,Baptista2019,liʃi,Bandeira2017,liʃi,Bandeira2017,iriʃɪ,Araujo2012,lisɪ,Bandeira2017,naris,SilvaAfonsoMachadoCunhaMarquesFernandesGianfranchiJúniorBorgesMartinsZardoLimaMendesTrigo2024,naris,Biagui2012,naniʃi,Quint2000,naɾise,Hancock1975,naɾis,Diccionario2008,naɾis,Sippola2011,naɾis,DeCastro2019,ne,Tobler 1987,nẽ,Barthèlemi 2007,ne,Valdman et al. 1999,ne,Wittmann 1973,nɛ̃,Barbotin & Tourenux 2000,nɛ̃,Confiant 2007,ne,Frank 2001,nene,Wittmann 1973,ne,Baker 1982,nɛ̃nɛ̃,Baker 1982
not,quant,nɐ̃w̃,no,pɑ,nu,Clements2012,nun,Clements2012,nã,Clements2012,na,Clements2012,na,Clements2012,ŋka,BaxterSilva2004,noŋ,FernandesBaxter2001,na,Maurer2011,kɐ,Quint1998,n,Baptista2014,kɐ,Swolkien2015,kɐ,Tavares2020,kɐ,Baptista2019,inɔ,AraujoHagemeijer2013,koma,HagemeijerMaurer-CecchiniSegorbe2020,kumɐ,Araujo2012,wa,Cosme2014,naw,SilvaAfonsoMachadoCunhaMarquesFernandesGianfranchiJúniorBorgesMartinsZardoLimaMendesTrigo2024,naw,Biagui2012,no,Quint2000,nu,Schwegler2000,no,Diccionario2008,no,Sippola2011,no,DeCastro2019,nõ,Tobler 1983,nõ,Barthèlemi 2007,pa,Valdman et al. 1999,pa,Wittmann 1973,pa,Barbotin & Tourenux 2000,pa,Confiant 2007,pa,Frank 2001,pa,Wittmann 1973,pa,Baker 1982,pa,Baker 1982
old,adjective,vɛʎu,viejo,vjø,ʋɛl,Clements2011,ʋɛʎ,Clements2011,ʋɛj,Clements2012,ʋɛːj,Clements2012,ʋæli,Clements2012,belu,BaxterSilva2004,velu,FernandesBaxter2001,belu,Maurer2011,bedʒu,Quint1998,vej,Baptista2014,bedʒ,Swolkien2015,bɛdʒu,Baptista2019,bɛdʒu,Baptista2019,vɛ,Bandeira2017,vɛ,Bandeira2017,vɛ,Araujo2012,vɛ,Bandeira2017,bediʊ,SilvaAfonsoMachadoCunhaMarquesFernandesGianfranchiJúniorBorgesMartinsZardoLimaMendesTrigo2024,beɟu,Biagui2012,biew,JacobsHoyer2018,bjeho,Hancock1975,bjehu,Diccionario2008,bjehu,Sippola2011,bjehu,DeCastro2019,vje,Tobler 1983,vje,Barthèlemi 2007,vje,Valdman et al. 1999,vje,Wittmann 1973,vie,Barbotin & Tourenux 2000,vje,Confiant 2007,vie,Mondesir 1992,vie,Wittmann 1973,vje,Stein 1984,vje,"Michaelis, Rosalie & Muhme 2009"
one,quant,ũ,uno,œ̃,ũ,Clements2011,ũ,Clements2011,ũ,Clements2012,uŋa,Clements2012,uŋa,Clements2012,ŋwa,BaxterSilva2004,uŋa,FernandesBaxter2001,uŋ,Maurer2011,ũ,Quint1998,ũ,Baptista2014,ũ,Baptista2019,ũ,Baptista2019,ũ,Baptista2019,ũa,Bandeira2017,ũ,Bandeira2017,ũa,Araujo2012,ũa,Bandeira2017,ũ,SilvaAfonsoMachadoCunhaMarquesFernandesGianfranchiJúniorBorgesMartinsZardoLimaMendesTrigo2024,unsoɲ,Biagui2012,ũ,Quint2000,un,Schwegler2000,unu,Diccionario2008,una,Sippola2011,un,DeCastro2019,wũ,Tobler 1983,un,Barthèlemi 2007,ẽn,Valdman et al. 1999,jun,Wittmann 1973,jɔ̃n,Barbotin & Tourenux 2000,jɔ̃n,Confiant 2007,jõn,Frank 2001,ẽ,Wittmann 1973,ɛ̃,Baker 1982,ɛ̃,Baker 1982
other,quant,owtɾu,otro,otʁ,majzũ,Clements2012,ot,Clements2011,ot,Clements2012,oːtɾu,Clements2012,otɾə,Clements2012,ɔːtu,BaxterSilva2004,otɾuŋa,FernandesBaxter2001,otəɾ,Maurer2011,otu,Quint1998,ot,Baptista2014,ot,Baptista2019,otu,Baptista2019,otu,Baptista2019,otlo,AraujoHagemeijer2013,utulu,HagemeijerMaurer-CecchiniSegorbe2020,otu,Araujo2012,pɔbi,Cosme2014,otɾu,SilvaAfonsoMachadoCunhaMarquesFernandesGianfranchiJúniorBorgesMartinsZardoLimaMendesTrigo2024,wutur,Biagui2012,otɾo,JacobsHoyer2018,uto,Schwegler2000,otɾu,Diccionario2008,otɾu,Sippola2011,otɾu,DeCastro2019,wɔt,Tobler 1983,wot,Barthèlemi 2007,dɔt,Valdman et al. 1999,zɔt,Wittmann 1973,lot,Barbotin & Tourenux 2000,lot,Confiant 2007,lɔt,Mondesir 1992,lot,Wittmann 1973,dot,Staudacher-Valliamee 2001,lot,"Michaelis, Rosalie & Muhme 2009"
play,human verb,ʒugaɾ,jugar,ʒwe,biɾka,Clements2012,bɾinka,Clements2012,bɾĩka,Clements2012,bɾinka,Clements2012,bɾinkə,Clements2012,briŋka,BaxterSilva2004,brinka̜,FernandesBaxter2001,bɾiŋka,Maurer2011,dʒugɐ,Quint1998,ʒga,Baptista2019,bɾĩka,Swolkien2015,dʒuga,Baptista2019,ʒuga,Baptista2019,flɔga,AraujoHagemeijer2013,fuːga,HagemeijerMaurer-CecchiniSegorbe2020,fɔga,Araujo2012,fɔga,Bandeira2017,tɔkɐ,SilvaAfonsoMachadoCunhaMarquesFernandesGianfranchiJúniorBorgesMartinsZardoLimaMendesTrigo2024,bɾiŋka,Biagui2012,uŋa,JacobsHoyer2018,hugwa,Mercado2026,huga,Diccionario2008,huga,Sippola2011,huga,DeCastro2019,ʒue,Tobler 1983,ʒwe,Barthèlemi 2007,ʒwe,Valdman et al. 1999,ʒwe,Wittmann 1973,ʒwe,Barbotin & Tourenux 2000,ʒwe,Confiant 2007,ʒwe,Mondesir 1992,zwe,Wittmann 1973,zwe,Stein 1984,zwe,"Michaelis, Rosalie & Muhme 2009"
pull,transfer,puʃaɾ,"tirar de, jalar, halar",tiʁe,puʃa,Clements2011,puʃa,Clements2011,,,pusaː,Clements2012,pwisɛ,Clements2012,pusa,BaxterSilva2004,ela̹,FernandesBaxter2001,pusa,Maurer2011,puʃɐ,Quint1998,pʃa,Baptista2014,pʃa,Baptista2019,puʃa,Baptista2019,puʃa,Baptista2019,saja,Bandeira2017,sɛa,Bandeira2017,saː,Araujo2012,sie,Bandeira2017,dʒũndɐ,SilvaAfonsoMachadoCunhaMarquesFernandesGianfranchiJúniorBorgesMartinsZardoLimaMendesTrigo2024,ɟunda,Biagui2012,ala,JacobsHoyer2018,tila,Mercado2026,ila,Diccionario2008,tiɾa,Sippola2011,ala,DeCastro2019,hale,Tobler 1983,tiʁe,Barthèlemi 2007,hale,Valdman et al. 1999,tiɣe,,ɣale,Barbotin & Tourenux 2000,ɣale,Confiant 2007,tiwe,Mondesir 1992,ɣise,Wittmann 1973,ʀale,Stein 1984,ciɣe,"Michaelis, Rosalie & Muhme 2009"
push,transfer,ẽpuʀaɾ,empujar,puse,loʈu,Clements2011,empuʀa,Clements2011,atəɾa,Clements2012,taɭɭi,Clements2012,puʃɛ,Clements2012,tola,BaxterSilva2004,,,,,pĩtʃɐ,Quint1998,ĩŋpuʀa,Baptista2019,ĩpuʀa,Baptista2019,pĩtʃa,Baptista2019,pĩtʃa,Baptista2019,pĩsa,Bandeira2017,piza,Bandeira2017,pĩsa,Araujo2012,sikia,Bandeira2017,pĩtʃɐ,SilvaAfonsoMachadoCunhaMarquesFernandesGianfranchiJúniorBorgesMartinsZardoLimaMendesTrigo2024,piɲca,Biagui2012,puʃa,JacobsHoyer2018,lempuha,Mercado2026,impuha,Diccionario2008,tula,Sippola2011,puha,Camins1999,puse,Tobler 1983,puse,Barthèlemi 2007,puse,Valdman et al. 1999,puse,Wittmann 1973,buɣe,Barbotin & Tourenux 2000,buɣe,Confiant 2007,puse,Mondesir 1992,puse,Wittmann 1973,puus,Staudacher-Valliamee 2001,puse,"Michaelis, Rosalie & Muhme 2009"
rain,environment,ʃuvɐ,lluvia,plɥi,tʃu,Clements2011,tʃu,Clements2011,tʃuʋ,Clements2012,tʃuːʋa,Clements2012,tʃuʋə,Clements2012,tʃwa,BaxterSilva2004,tʃuva,FernandesBaxter2001,tʃua,Maurer2011,tʃubɐ,Quint1998,tʃuvɐ,Baptista2014,tʃuvɐ,Swolkien2015,tʃubɐ,Tavares2020,tʃobe,Baptista2019,subɐ,Bandeira2017,ʃuva,Bandeira2017,usuvɐ,Araujo2012,θubɐ,Bandeira2017,tʃubɐ,SilvaAfonsoMachadoCunhaMarquesFernandesGianfranchiJúniorBorgesMartinsZardoLimaMendesTrigo2024,coba,Biagui2012,awaseɾu,Quint2000,jubja,Doval&Reyes2012,agwaseɾu,Diccionario2008,agwaseɾu,Sippola2011,ulan,DeCastro2019,lapli,Tobler 1983,lapli,Barthèlemi 2007,lapli,Valdman et al. 1999,pli,Wittmann 1973,lapli,Barbotin & Tourenux 2000,lapli,Confiant 2007,lapli,Frank 2001,lapli,Wittmann 1973,lapli,Baker 1982,lapli,Baker 1982
red,colour,vɨɾmeʎu,rojo,ʁuʒ,biɾmel,Clements2011,enkəɾnad,Clements2011,vɛɾmej,Clements2012,bɾumaːj,Clements2012,bɾəmɛl,Clements2012,brumilu,BaxterSilva2004,venelu,FernandesBaxter2001,,,buɾmedʒu,Quint1998,veɾmej,Baptista2019,bɾumedʒ,Baptista2019,bɾumedʒu,Baptista2019,bɾumedʒu,Baptista2019,vleme,Bandeira2017,vɛmɛju,Bandeira2017,veme,Araujo2012,veme,Bandeira2017,burmejʊ,SilvaAfonsoMachadoCunhaMarquesFernandesGianfranchiJúniorBorgesMartinsZardoLimaMendesTrigo2024,burmeɟu,Biagui2012,kɔɾa,Quint2000,koɾoɾa,Hancock1975,kuluɾaw,Diccionario2008,kuleɾaw,Sippola2011,kuluɾaw,DeCastro2019,huʒ,Tobler 1983,,,ɾuʒ,Valdman et al. 1999,ɣuʒ,Wittmann 1973,wuʒ,Barbotin & Tourenux 2000,wuʒ,Confiant 2007,wuʒ,Frank 2001,ɣuz,Wittmann 1973,ʀuz,Baker 1982,ɣuz,Baker 1982
right,adjective,diɾejtɐ,derecha,dʁwat,mãwdɾet,Clements2012,laddɾet,Clements2012,laddɾet,Clements2012,mandɾetu,Clements2012,,,dretu,BaxterSilva2004,dɾetu,FernandesBaxter2001,dɾetu,Maurer2011,diɾetɐ,Quint1998,dɾet,Baptista2019,dɾet,Baptista2019,dɾetu,Baptista2019,dɾetu,Baptista2019,dletu,Bandeira2017,dɛːta,Bandeira2017,detu,Bandeira2017,detu,Bandeira2017,diɾejtɐ,SilvaAfonsoMachadoCunhaMarquesFernandesGianfranchiJúniorBorgesMartinsZardoLimaMendesTrigo2024,,,dɾetʃi,JacobsHoyer2018,deɾetʃa,Dieck2000,deɾetʃu,Diccionario2008,deɾetʃu,Ocampo1947,diɾetʃa,DeCastro2019,dhɛt,Tobler 1983,dʁɛt,Barthèlemi 2007,dɾwa,Valdman et al. 1999,dwat,Wittmann 1973,dwɛt,Barbotin & Tourenux 2000,dwet,Confiant 2007,dwɛt,Mondesir 1992,dɣwat,Wittmann 1973,dʀɛt,,dɣwat,"Michaelis, Rosalie & Muhme 2009"
river,environment,ʀiw,río,ʁivjɛʁ,ɾʱibeɾ,Clements2012,ʀi,Clements2011,ɾi,Clements2012,ɾiːʋ,Clements2012,,,riw,BaxterSilva2004,,,ɾiu,Maurer2011,ɾiw,Baptista2019,ɾiw,Baptista2019,ɾiw,Baptista2019,ɾiw,Baptista2019,ɾiw,Baptista2019,jo,Bandeira2017,lubɛla,Bandeira2017,orjo,Araujo2012,ojo,Bandeira2017,riw,SilvaAfonsoMachadoCunhaMarquesFernandesGianfranchiJúniorBorgesMartinsZardoLimaMendesTrigo2024,,,ɾiw,JacobsHoyer2018,ɾio,BickertonEscalante1970,riw,Diccionario2008,riju,Sippola2011,riw,DeCastro2019,lahivje,Tobler 1983,laʁivje,Barthèlemi 2007,ɾivjɛ,Valdman et al. 1999,laɣivjɛ,Wittmann 1973,laɣivjɛ,Barbotin & Tourenux 2000,laɣivjɛ,Confiant 2007,larivjɛ,Mondesir 1992,laɣivjeɣ,Wittmann 1973,,,laɣivjɛɛ,"Michaelis, Rosalie & Muhme 2009"
road,environment,kɐmiɲu,camino,ʁut,kami,Clements2011,kamiɲ,Clements2011,kamiŋ,Clements2012,kamiːm,Clements2012,kamiɲə,Clements2012,rua,BaxterSilva2004,ɾua,FernandesBaxter2001,kamiɲu,Maurer2011,stɾadɐ,Quint1998,stɾada,Baptista2019,ʃtɾadɐ,Baptista2019,stɾadɐ,Baptista2019,stɾadɐ,Baptista2019,kamja,Bandeira2017,xamĩu,Bandeira2017,kumĩ,Araujo2012,mɔdja,Bandeira2017,kɐmiɲu,SilvaAfonsoMachadoCunhaMarquesFernandesGianfranchiJúniorBorgesMartinsZardoLimaMendesTrigo2024,kamiɲu,Biagui2012,kaminda,Quint2000,kaje,Schwegler2000,kaminu,Diccionario2008,kaminu,Sippola2011,kaminu,DeCastro2019,ʃimẽ,Tobler 1987,ʃimẽ,Barthèlemi 2007,ʃmẽ,Valdman et al. 1999,ʃemẽ,Wittmann 1973,ʃimɛ̃,Barbotin & Tourenux 2000,ʃimɛ̃,Confiant 2007,ʃimɛ̃,Mondesir 1992,simẽ,Wittmann 1973,semɛ̃,Baker 1982,semɛ̃,Baker 1982
root,environment,ʀɐiʃ,raíz,ʁasin,ɾʰajs,Clements2011,ʀajz,Clements2011,ɾaiz,Clements2012,ɾɛzə,Clements2012,ɾoːt,Clements2012,rais,BaxterSilva2004,,,ɾais,Maurer2011,ɾɐis,Quint1998,ɾeis,Baptista2019,ɾeiʃ,Baptista2019,ɾais,Baptista2019,ɾais,Baptista2019,lɛʒi,AraujoHagemeijer2013,lɛze,Cosme2014,rɛʒi,Araujo2012,ndatʃi,Cosme2014,ɾaiʃ,SilvaAfonsoMachadoCunhaMarquesFernandesGianfranchiJúniorBorgesMartinsZardoLimaMendesTrigo2024,,,ɾais,Quint2000,,,reis,Diccionario2008,reis,Sippola2011,reis,DeCastro2019,hasin,Tobler 1987,ʁasin,Barthèlemi 2007,ɾasin,Valdman et al. 1999,ɣasin,Wittmann 1973,ɣasin,Barbotin & Tourenux 2000,ɣasin,Confiant 2007,wsin,Frank 2001,ɣasin,Wittmann 1973,ʀasin,Baker 1982,ɣasin,Baker 1982
rope,tool,kɔɾdɐ,cuerda,kɔʁd,kɔɾd,Clements2011,kɔɾd,Clements2011,kɔɾd,Clements2012,kɔːɾda,Clements2012,kɔɾdə,Clements2012,kodra,BaxterSilva2004,koɾda,FernandesBaxter2001,koɾda,Maurer2011,kɔɾdɐ,Quint1998,kɔɾdɐ,Baptista2019,kɔɾda,Baptista2019,kɔɾdɐ,Baptista2019,kɔɾdɐ,Baptista2019,kɔdɔ,Bandeira2017,xɔːdɔ,Bandeira2017,kwaː,Araujo2012,kɔdɔ,Bandeira2017,kɔɾdɐ,SilvaAfonsoMachadoCunhaMarquesFernandesGianfranchiJúniorBorgesMartinsZardoLimaMendesTrigo2024,korda,Biagui2012,liɲa,JacobsHoyer2018,,,mikati,Diccionario2008,mikati,Sippola2011,,,kɔd,Tobler 1983,kɔʁd,Barthèlemi 2007,kɔɾd,Valdman et al. 1999,kɔd,Wittmann 1973,kɔd,Barbotin & Tourenux 2000,kɔd,Confiant 2007,kɔd,Mondesir 1992,lakoɣd,Wittmann 1973,kɔɔd,Staudacher-Valliamee 2001,lakɔɔd,"Michaelis, Rosalie & Muhme 2009"
rotten,adjective,podɾɨ,podrido,puʁi,pod,Clements2011,pod,Clements2011,pod,Clements2012,poːdɾi,Clements2012,apodɾə,Clements2012,podri,BaxterSilva2004,amiz,FernandesBaxter2001,fedeɾ,Maurer2011,podɾi,Quint1998,podɾ,Baptista2019,podɾ,Baptista2019,podɾi,Baptista2019,podɾi,Baptista2019,pɔdlɛ,AraujoHagemeijer2013,,,pode,Araujo2012,,,podɾi,SilvaAfonsoMachadoCunhaMarquesFernandesGianfranchiJúniorBorgesMartinsZardoLimaMendesTrigo2024,,,putɾi,JacobsHoyer2018,,,pudɾidu,Diccionario2008,bolok,Sippola2011,bulug,Camins1999,puhi,Tobler 1983,puʁi,Barthèlemi 2007,puɾi,Valdman et al. 1999,puɣi,Wittmann 1973,puɣi,Barbotin & Tourenux 2000,puɣi,Confiant 2007,puwi,Mondesir 1992,puɣi,Wittmann 1973,,,puɣi,"Michaelis, Rosalie & Muhme 2009"
round,adjective,ʀɨdõdu,redondo,ʁɔ̃,gol,Clements2011,ɾɛdɔn,Clements2011,ɾɛdɔnd,Clements2012,ɾɔnt,Clements2012,ɾɛdondə,Clements2012,rədonu,BaxterSilva2004,,,bulat,Maurer2011,ɾodõdu,Quint1998,,,,,ɾudɔndu,Tavares2020,,,lɛ̃dɔ̃dɔ,AraujoHagemeijer2013,lɔdɔ̃da,Cosme2014,rɔdɔ̃dɔ,Araujo2012,kɔ̃dɔgaɾu,Cosme2014,rɨdõdu,SilvaAfonsoMachadoCunhaMarquesFernandesGianfranchiJúniorBorgesMartinsZardoLimaMendesTrigo2024,rodondu,Biagui2012,ɾondo,Quint2000,,,redondu,Diccionario2008,redondu,Ocampo1947,ridondu,Camins1999,hõ,Tobler 1983,ʁõdi,Barthèlemi 2007,ɾõ,Valdman et al. 1999,,,wɔ̃,Barbotin & Tourenux 2000,wɔ̃,Confiant 2007,wɔ̃,Frank 2001,ɣõ,Wittmann 1973,ʀɔ̃,Baker 1982,ɣɔ̃,Baker 1982
rub,transfer,ɨʃfɾɨgaɾ,frotar,fʁɔte,masa,Clements2011,iʃpɾega,Clements2011,,,ɾusaː,Clements2012,ɾub,Clements2012,rusa,BaxterSilva2004,rusa̹,FernandesBaxter2001,ɾusa,Maurer2011,fɛɾgɐ,Quint1998,ʃfɾega,Baptista2014,ʃfɾega,Baptista2019,fɾega,Baptista2019,fɾega,Baptista2019,flɛga,Bandeira2017,fɛːga,Bandeira2017,fɛga,Araujo2012,fɛga,Bandeira2017,reia,SilvaAfonsoMachadoCunhaMarquesFernandesGianfranchiJúniorBorgesMartinsZardoLimaMendesTrigo2024,ferga,Biagui2012,fɾega,JacobsHoyer2018,,,,,kuskus,Sippola2011,kusu,Camins1999,fote,Tobler 1987,fʁote,Barthèlemi 2007,fɾote,Valdman et al. 1999,fɣote,Wittmann 1973,fwote,Barbotin & Tourenux 2000,fwote,Confiant 2007,fote,Mondesir 1992,fɣote,Wittmann 1973,,,fɣote,"Michaelis, Rosalie & Muhme 2009"
salt,environment,saɫ,sal,sɛl,sal,Clements2011,sal,Clements2011,sal,Clements2012,saːl,Clements2012,sal,Clements2012,sal,BaxterSilva2004,,,sal,Maurer2011,sɐl,Quint1998,sal,Baptista2019,sal,Baptista2019,sal,Baptista2019,sal,Baptista2019,salu,Bandeira2017,salu,Bandeira2017,usalu,Araujo2012,θalu,Bandeira2017,saɫ,SilvaAfonsoMachadoCunhaMarquesFernandesGianfranchiJúniorBorgesMartinsZardoLimaMendesTrigo2024,sal,Biagui2012,salu,JacobsHoyer2018,sa,Estrada2005,sal,Diccionario2008,sal,Ocampo1947,sal,DeCastro2019,dʒisɛl,Tobler 1983,sɛl,Barthèlemi 2007,disɛl,Valdman et al. 1999,sɛl,Wittmann 1973,sɛl,Barbotin & Tourenux 2000,sɛl,Confiant 2007,sel,Mondesir 1992,disel,Wittmann 1973,sɛɛl,Staudacher-Valliamee 2001,ɟisel,"Michaelis, Rosalie & Muhme 2009"
sand,environment,ɐɾejɐ,arena,sabl,ɾeti,Clements2011,aɾe,Clements2011,aɾej,Clements2012,aɾiːja,Clements2012,baʀə,Clements2012,aria,BaxterSilva2004,,,aɾia,Maurer2011,ɾejɐ,Quint1998,eɾeɐ,Baptista2019,aɾeɐ,Baptista2019,aɾejɐ,Baptista2019,aɾejɐ,Baptista2019,alja,Bandeira2017,alɛa,Bandeira2017,arja,Araujo2012,θeke,Bandeira2017,rejɐ,SilvaAfonsoMachadoCunhaMarquesFernandesGianfranchiJúniorBorgesMartinsZardoLimaMendesTrigo2024,ɾeɟa,Biagui2012,santu,Quint2000,,,aɾena,Diccionario2008,haɾena,Sippola2011,aɾena,DeCastro2019,bãsab,Carvalho et al. 2022,,,sab,Valdman et al. 1999,sab,Wittmann 1973,sab,Barbotin & Tourenux 2000,sab,Confiant 2007,sab,Frank 2001,disab,Wittmann 1973,sab,Baker 1982,ɟisab,Baker 1982
say,perception verb,dizeɾ,decir,diʁ,hala,Clements2012,fala,Clements2012,dize,Clements2012,falaː,SilvaTrigo2022,,,fala,BaxterSilva2004,fala̜,FernandesBaxter2001,fala,Maurer2011,flɐ,Quint1998,dze,Baptista2014,dze,Baptista2019,fɾɐ,Tavares2020,fɾɐ,Baptista2019,fla,AraujoHagemeijer2013,faː,Cosme2014,fa,Araujo2012,fa,Cosme2014,papja/fala,SilvaAfonsoMachadoCunhaMarquesFernandesGianfranchiJúniorBorgesMartinsZardoLimaMendesTrigo2024,fala,Biagui2012,bisa,Quint2000,abla,Schwegler2000,abla,Diccionario2008,bisa,Sippola2011,abla,DeCastro2019,dʒi,Tobler 1983,di,Barthèlemi 2007,di,Valdman et al. 1999,di,Wittmann 1973,ɟi,Barbotin & Tourenux 2000,ɟi,Confiant 2007,di,Frank 2001,diɣ,Wittmann 1973,dii,Baker 1982,ɟii,Baker 1982
scratch,impact,kusaɾ,"arañar, rascar",ɡʁate,ɾʰãja,Clements2011,ʀaɲa,Clements2011,ɾaŋa,Clements2012,buɾaː,SilvaTrigo2022,ɾaɲæ,Clements2012,raɲa,BaxterSilva2004,kusa̜,FernandesBaxter2001,,,kosɐ,Quint1998,kosa,Baptista2019,kosa,Baptista2019,kosɐ,Baptista2019,kosa,Baptista2019,fɔnɔ,AraujoHagemeijer2013,kusa,Cosme2014,ɲanu,Araujo2012,kɔθa,Cosme2014,raɲɐ,SilvaAfonsoMachadoCunhaMarquesFernandesGianfranchiJúniorBorgesMartinsZardoLimaMendesTrigo2024,kosa,Biagui2012,huɲa,JacobsHoyer2018,,,raska,Diccionario2008,raska,Sippola2011,raska,Camins1999,ghate,Tobler 1987,gʁate,Barthèlemi 2007,gɾate,Valdman et al. 1999,gɣate,Wittmann 1973,gɣafijɛ̃,Barbotin & Tourenux 2000,gɣafijɛ̃,Confiant 2007,kud gwif,Mondesir 1992,gɣate,Wittmann 1973,ʀak,Staudacher-Valliamee 2001,gɣate,"Michaelis, Rosalie & Muhme 2009"
sea,environment,maɾ,mar,mɛʁ,maɾ,Clements2011,maɾ,Clements2011,maɾ,Clements2012,maːɾa,Clements2012,maɾə,Clements2012,mar,BaxterSilva2004,maɾ,FernandesBaxter2001,maɾ,Maurer2011,maɾ,Quint1998,maɾ,Baptista2019,maɾ,Baptista2019,maɾ,Baptista2019,maɾ,Baptista2019,ɔmali,Bandeira2017,ɔmɛ,Bandeira2017,omwe,Araujo2012,miõgɐ,Bandeira2017,maɾ,SilvaAfonsoMachadoCunhaMarquesFernandesGianfranchiJúniorBorgesMartinsZardoLimaMendesTrigo2024,maɾ,Biagui2012,laman,JacobsHoyer2018,,,plaja,Diccionario2008,lamaɾ,Sippola2011,aplaja,DeCastro2019,lasulamɛ,Carvalho et al. 2022,lãmɛ,Barthèlemi 2007,lamɛɾ,Valdman et al. 1999,lãmɛ,Wittmann 1973,lãmɛ,Barbotin & Tourenux 2000,lãmɛ,Confiant 2007,lãmɛ,Mondesir 1992,lameɣ,Wittmann 1973,lamɛʀ,Stein 1984,lãmɛɛ,"Michaelis, Rosalie & Muhme 2009"
see,perception verb,uʎaɾ,ver,vwaʁ,,,,,,,ojaː,SilvaTrigo2022,,,ola,BaxterSilva2004,ola̜,FernandesBaxter2001,ola,Maurer2011,ɔdʒɐ,Quint1998,oja,Baptista2019,ojɐ,Swolkien2015,odʒɐ,Tavares2020,odʒa,Baptista2019,be,Bandeira2017,be,Bandeira2017,ve,Araujo2012,be,Bandeira2017,ɔdʒa,SilvaAfonsoMachadoCunhaMarquesFernandesGianfranchiJúniorBorgesMartinsZardoLimaMendesTrigo2024,woɟa,Biagui2012,miɾa,Quint2000,mina,Schwegler2000,miɾa,Diccionario2008,miɾa,Sippola2011,miɾa,DeCastro2019,wɛ,Tobler 1983,wɛ,Barthèlemi 2007,wa,Valdman et al. 1999,wɛ,Wittmann 1973,wɛ,Barbotin & Tourenux 2000,wɛ,Confiant 2007,wɛ,Frank 2001,tɣuve,Wittmann 1973,waa,Baker 1982,waa,Baker 1982
seed,environment,sɨmẽtɨ,semilla,ɡʁɛn,simɛt,Clements2011,siment,Clements2011,simẽt,Clements2012,,,fɾujtɛ,Clements2012,suminti,BaxterSilva2004,,,sumenti,Maurer2011,simẽti,Quint1998,smẽnt,Baptista2014,smẽt,Baptista2019,simẽti,Baptista2019,simẽti,Baptista2019,ʃimɛ̃tʃi,Bandeira2017,ʃimɛ̃tʃi,Bandeira2017,ʃimɛ̃tʃi,Araujo2012,ikwe,Bandeira2017,simenti,SilvaAfonsoMachadoCunhaMarquesFernandesGianfranchiJúniorBorgesMartinsZardoLimaMendesTrigo2024,garã,Biagui2012,simia,Quint2000,simia,Mercado2026,pipita,Diccionario2008,pipita,Sippola2011,pipita,DeCastro2019,ghɛn,Tobler 1983,gʁɛn,Barthèlemi 2007,gɾẽn,Valdman et al. 1999,gɣẽn,Wittmann 1973,gɣɛ̃n,Barbotin & Tourenux 2000,gɣɛ̃n,Confiant 2007,gwɛ̃n,Frank 2001,lagɣen,Wittmann 1973,gʀɛ̃,Baker 1982,lagɣɛ̃,Baker 1982
sew,misc verb,kuzeɾ,coser,kudʁ,kudze,Clements2011,kuʃtɾa,Clements2012,,,kuza,Clements2012,kuze,Clements2012,kuze,BaxterSilva2004,kostuɾa̹,FernandesBaxter2001,kudʒi,Maurer2011,kosi,Quint1998,kzɛ,Baptista2019,kozɛ,Baptista2019,koze,Baptista2019,kozɛ,Baptista2019,kloze,AraujoHagemeijer2013,xoze,HagemeijerMaurer-CecchiniSegorbe2020,koze,Araujo2012,koðe,Cosme2014,kusi,SilvaAfonsoMachadoCunhaMarquesFernandesGianfranchiJúniorBorgesMartinsZardoLimaMendesTrigo2024,kose,Biagui2012,kose,JacobsHoyer2018,,,kusi,Diccionario2008,kuse,Sippola2011,kuse,Camins1999,kud,Tobler 1983,kud,Barthèlemi 2007,koud,Valdman et al. 1999,kud,Wittmann 1973,kud,Barbotin & Tourenux 2000,kud,Confiant 2007,kud,Mondesir 1992,kud,Wittmann 1973,,,kud,"Michaelis, Rosalie & Muhme 2009"
sharp,adjective,ɐfjadu,"agudo, afilado",tʁɑ̃ʃɑ̃,agud,Clements2011,agud,Clements2011,,,aʋdu,Clements2012,agud,Clements2012,agudu,BaxterSilva2004,,,agudu,Maurer2011,moladu,Quint1998,molɔd,Baptista2019,molɔd,Baptista2019,fjadu,Baptista2019,fjadu,Baptista2019,mɔladu,AraujoHagemeijer2013,xɔtadu,SilveiraAgostinhoBandeiraFreitasAraújo2013,,,,,,,,,skɛɾpi,JacobsHoyer2018,,,agudu,Diccionario2008,agudu,Sippola2011,pinu,DeCastro2019,fite,Carvalho et al. 2022,,,kupã,Valdman et al. 1999,file,Wittmann 1973,file,Barbotin & Tourenux 2000,file,Confiant 2007,file,Mondesir 1992,fite,Wittmann 1973,,,fite,"Michaelis, Rosalie & Muhme 2009"
short,adjective,kuɾtu,corto,kuʁ,kuɾt,Clements2011,kuɾt,Clements2011,kuɾt,Clements2012,kuːɾtu,Clements2012,kuɾtə,Clements2012,kutru,BaxterSilva2004,bantu,FernandesBaxter2001,kuɾtu,Maurer2011,kuɾtu,Quint1998,kuɾt,Baptista2019,kuɾt,Baptista2019,kuɾtu,Baptista2019,kuɾtu,Baptista2019,kutu,Bandeira2017,kuːtu,Bandeira2017,kutu,Araujo2012,kutu,Bandeira2017,kuɾtu,SilvaAfonsoMachadoCunhaMarquesFernandesGianfranchiJúniorBorgesMartinsZardoLimaMendesTrigo2024,kuɾtu,Biagui2012,kɔɾtiku,JacobsHoyer2018,koto,BickertonEscalante1970,koɾtu,Diccionario2008,koɾtu,Sippola2011,koɻtu,DeCastro2019,kut,Tobler 1983,kuʁt,Barthèlemi 2007,kuɾt,Valdman et al. 1999,kut,Wittmann 1973,tupici,Barbotin & Tourenux 2000,kut,Confiant 2007,kut,Mondesir 1992,kuɣ,Wittmann 1973,,,kuut,"Michaelis, Rosalie & Muhme 2009"
sing,human verb,kɐ̃taɾ,cantar,ʃɑ̃te,kata,Clements2011,kanta,Clements2011,kanta,Clements2012,kantaː,Clements2012,kantɛ,Clements2012,kanta,BaxterSilva2004,,,kanta,Maurer2011,kantɐ,Quint1998,kɐ̃ntaɾ,Baptista2014,kãta,Baptista2019,kãtɐ,Baptista2019,kãtɐ,Baptista2019,kɐ̃ta,Bandeira2017,xɐ̃nta,Bandeira2017,kɐ̃ta,Araujo2012,kata,Bandeira2017,kãntɐ,SilvaAfonsoMachadoCunhaMarquesFernandesGianfranchiJúniorBorgesMartinsZardoLimaMendesTrigo2024,kanta,Biagui2012,kanta,JacobsHoyer2018,kanda,Schwegler2000,kanta,Diccionario2008,kanta,Sippola2011,kanta,DeCastro2019,ʃãte,Tobler 1983,ʃãte,Barthèlemi 2007,ʃãte,Valdman et al. 1999,ʃãte,Wittmann 1973,baj lavwa,Barbotin & Tourenux 2000,ʃãte,Confiant 2007,ʃãte,Mondesir 1992,sãte,Wittmann 1973,,,sãte,"Michaelis, Rosalie & Muhme 2009"
sit,motion,sẽtaɾ,"sentarse, estar sentado (state)",saswaʁ,sata,Clements2011,santa,Clements2011,sẽta,Clements2012,santaː,Clements2012,santɛ,Clements2012,santa,BaxterSilva2004,senta̜,FernandesBaxter2001,santa,Maurer2011,ʃĩtɐ,Quint1998,sẽnta,Baptista2019,sẽta,Baptista2019,sĩtɐ,Baptista2019,sĩta,Baptista2019,tasɔ̃,Bandeira2017,sẽta,Bandeira2017,tusɐ̃,Araujo2012,taθɔ,Bandeira2017,sintɐ,SilvaAfonsoMachadoCunhaMarquesFernandesGianfranchiJúniorBorgesMartinsZardoLimaMendesTrigo2024,sinta,Biagui2012,sĩta,Quint2000,senta,Perl2002,sinta,Diccionario2008,sinta,Sippola2011,sinta,DeCastro2019,asi,Tobler 1983,asi,Barthèlemi 2007,asit,Valdman et al. 1999,ʃita,Wittmann 1973,size,Barbotin & Tourenux 2000,size,Confiant 2007,asid,Frank 2001,asize,Wittmann 1973,asize,Baker 1982,asize,Baker 1982
skin,animal product,pɛɫɨ,piel,po,pɛl,Clements2011,pel,Clements2011,pɛl,Clements2012,pɛːli,Clements2012,pæli,Clements2012,pɛli,BaxterSilva2004,pele,FernandesBaxter2001,peli,Maurer2011,pɛli,Quint1998,pel,Baptista2019,pɛl,Baptista2019,pɛli,Baptista2019,pɛli,Baptista2019,pɛli,Bandeira2017,pɛli,Bandeira2017,pɛli,Araujo2012,pɛli,Bandeira2017,pɛlɪ,SilvaAfonsoMachadoCunhaMarquesFernandesGianfranchiJúniorBorgesMartinsZardoLimaMendesTrigo2024,,,kweɾu,Quint2000,pejeho,Moñino2002,abilidad,Diccionario2008,piljehu,Sippola2011,piʎehu,DeCastro2019,lapo,Tobler 1983,lapo,Barthèlemi 2007,lapo,Valdman et al. 1999,po,Wittmann 1973,lapo,Barbotin & Tourenux 2000,lapo,Confiant 2007,lapo,Frank 2001,lapo,Wittmann 1973,po,Baker 1982,lapo,Baker 1982
sky,environment,sɛw,cielo,sjɛl,sews,Clements2011,sɛw,Clements2011,sɛw,Clements2012,sɛːʋ,Clements2012,heaven,Clements2012,sew,BaxterSilva2004,kɛu,FernandesBaxter2001,seu,Maurer2011,sɛw,Quint1998,sɛw,Baptista2014,sɛw,Baptista2019,sɛw,Baptista2019,sɛw,Baptista2019,ɔsɛ,Bandeira2017,ɔsɛ,Bandeira2017,ɔsɛ,Araujo2012,ɔθɛ,Bandeira2017,sɛw,SilvaAfonsoMachadoCunhaMarquesFernandesGianfranchiJúniorBorgesMartinsZardoLimaMendesTrigo2024,,,ʃelu,JacobsHoyer2018,sjelo,Schwegler1996,sjelu,Diccionario2008,sjelu,Sippola2011,sjelu,DeCastro2019,siɛl,Tobler 1983,sjɛl,Barthèlemi 2007,sjɛl,Valdman et al. 1999,lesjɛl,Wittmann 1973,siel,Barbotin & Tourenux 2000,sjɛl,Confiant 2007,sjɛl,Mondesir 1992,lesjel,Wittmann 1973,,,lesjel,"Michaelis, Rosalie & Muhme 2009"
sleep,perception verb,duɾmiɾ,dormir,dɔʁmiʁ,duɾmi,Clements2011,duɾmi,Clements2011,duɾmi,Clements2012,dɾumiː,Clements2012,dɾumi,Clements2012,durmi,BaxterSilva2004,duɾmi,FernandesBaxter2001,dɾumi,Maurer2011,dɾumi,Quint1998,duɾmi,Baptista2014,duɾmi,Swolkien2015,dɾumi,Tavares2020,duɾmi,Baptista2019,dumini,Bandeira2017,dʒjuni,Bandeira2017,dimi,Araujo2012,dumi,Bandeira2017,durmɪ,SilvaAfonsoMachadoCunhaMarquesFernandesGianfranchiJúniorBorgesMartinsZardoLimaMendesTrigo2024,durmi,Biagui2012,dɾumi,Quint2000,ndɾumi,Schwegler2000,duɾmi,Diccionario2008,duɾmi,Sippola2011,duɻmi,DeCastro2019,dhɔmi,Tobler 1983,,,dɔɾmi,Valdman et al. 1999,dɔmi,Wittmann 1973,dɔmi,Barbotin & Tourenux 2000,dɔmi,Confiant 2007,dɔmi,Frank 2001,doɣmiɣ,Wittmann 1973,dɔɔmi,Baker 1982,dɔɔmi,Baker 1982
small,adjective,pɨkenu,pequeño,pəti,piken,Clements2011,piken,Clements2011,piken,Clements2012,pikiniːm,Clements2012,piken,Clements2012,keninu,BaxterSilva2004,sajkɔ,FernandesBaxter2001,peklinu,Maurer2011,pikinɔti,Quint1998,peknin,Baptista2019,pikinin,Baptista2019,pikenu,Baptista2019,pikinoti,Baptista2019,tʃɔkɔ,Bandeira2017,kete,HagemeijerMaurer-CecchiniSegorbe2020,tʃɔkɔlɔ,Araujo2012,tʃɔ,Bandeira2017,pikininu,SilvaAfonsoMachadoCunhaMarquesFernandesGianfranchiJúniorBorgesMartinsZardoLimaMendesTrigo2024,pikininu,Biagui2012,tʃikitu,Quint2000,ndun,Hancock1975,tʃikito,Diccionario2008,tʃikitiŋ,Sippola2011,dʒutaj,DeCastro2019,pitʃi,Tobler 1983,ti,Barthèlemi 2007,ti,Valdman et al. 1999,piti,Wittmann 1973,ci,Barbotin & Tourenux 2000,ci,Confiant 2007,piti,Frank 2001,ti,Wittmann 1973,ti,Baker 1982,ci,Baker 1982
smell,perception verb,ʃejɾaɾ,oler,sɑ̃tiʁ,tʃeɾʋi,Clements2011,tʃeɾa,Clements2011,tʃeɾa,Clements2012,tʃeɾaː,Clements2012,tʃeɾə,Clements2012,tʃera,BaxterSilva2004,tʃeɾa̹,FernandesBaxter2001,tʃeɾa,Maurer2011,keɾɐ,Quint1998,tʃeɾɛ,Baptista2019,tʃeɾɛ,Baptista2019,tʃeɾɐ,Baptista2019,tʃeɾɐ,Baptista2019,sɛla,Bandeira2017,sɛla,Bandeira2017,sɛra,Araujo2012,θɛla,Bandeira2017,tʃɛɾɐ,SilvaAfonsoMachadoCunhaMarquesFernandesGianfranchiJúniorBorgesMartinsZardoLimaMendesTrigo2024,ceɾa,Biagui2012,ole,JacobsHoyer2018,hele,Mercado2026,uli,Escalante2005,ule,Sippola2011,ule,DeCastro2019,sãtʃi,Tobler 1987,sãti,Barthèlemi 2007,sãti,Valdman et al. 1999,sãti,Wittmann 1973,pɣã lodɛ,Barbotin & Tourenux 2000,pɣã lodɛ,Confiant 2007,lɔde,Mondesir 1992,sãti,Wittmann 1973,,,sãci,"Michaelis, Rosalie & Muhme 2009"
smoke,environment,fumu,humo,fyme,fum,Clements2011,fum,Clements2011,fum,Clements2012,fuːmu,Clements2012,fumə,Clements2012,fumu,BaxterSilva2004,fumu,FernandesBaxter2001,fuma,Maurer2011,fumɐ,Quint1998,fum,Baptista2014,fma,Baptista2019,fumu,Tavares2020,fumɐ,Baptista2019,igligu,Bandeira2017,igogo,Cosme2014,igigu,Araujo2012,iligu,Bandeira2017,fumɐ,SilvaAfonsoMachadoCunhaMarquesFernandesGianfranchiJúniorBorgesMartinsZardoLimaMendesTrigo2024,,,huma,Quint2000,,,puma,Escalante2005,umu,Sippola2011,umu,DeCastro2019,lafimi,Tobler 1983,lafimẽ,Barthèlemi 2007,bukãn,Valdman et al. 1999,lãfimẽ,Wittmann 1973,lafimɛ̃,Barbotin & Tourenux 2000,lafimɛ̃,Confiant 2007,lafime,Frank 2001,lafime,Wittmann 1973,fime,Baker 1982,lafime,Baker 1982
smooth,adjective,lizu,liso,lis,lidz,Clements2011,liz,Clements2011,,,litʃiːn,Clements2012,,,,,litʃiŋ,FernandesBaxter2001,,,lizu,Quint1998,lis,Baptista2019,liz,Baptista2019,lizu,Baptista2019,lizu,Baptista2019,,,pɔtɔpɔtɔ,HagemeijerMaurer-CecchiniSegorbe2020,pɛtɛ,Araujo2012,,,,,lisu,Biagui2012,lizu,JacobsHoyer2018,,,lisu,Diccionario2008,rebalosu,Ocampo1947,lisu,Camins1999,lis,Tobler 1983,lis,Barthèlemi 2007,plõʒ,Valdman et al. 1999,lis,Wittmann 1973,lis,Barbotin & Tourenux 2000,lis,Confiant 2007,lis,Mondesir 1992,lis,Wittmann 1973,,,maabɣe,"Michaelis, Rosalie & Muhme 2009"
snake,animal,kɔbɾɐ,"serpiente, víbora, culebra",sɛʁpɑ̃,kɔb,Clements2011,kɔb,Clements2011,kɔb,Clements2012,koːbeɾ,SilvaTrigo2022,kɔbɾə,Clements2012,kobra,BaxterSilva2004,kobɾa,FernandesBaxter2001,kobɾa,Maurer2011,kɔbɾɐ,Quint1998,kobɾa,Baptista2019,kɔbɾɐ,Baptista2019,kobɾɐ,Baptista2019,kobɾɐ,Baptista2019,kɔblɔ,Bandeira2017,xobolo,Bandeira2017,kɔbɔ,Araujo2012,kiõgo,Bandeira2017,kobra,SilvaAfonsoMachadoCunhaMarquesFernandesGianfranchiJúniorBorgesMartinsZardoLimaMendesTrigo2024,kobɾa,Biagui2012,kolebɾa,JacobsHoyer2018,gwaddakamino,Schwegler2000,kulebɾa,Diccionario2008,kulebɾa,Sippola2011,kulebɾa,DeCastro2019,seapã,Tobler 1983,seʁpã,Barthèlemi 2007,sɛɾpã,Valdman et al. 1999,sɛpã,Wittmann 1973,sɛpã,Barbotin & Tourenux 2000,sɛpã,Confiant 2007,sɛpã,Mondesir 1992,seɣpã,Wittmann 1973,,,sɛɛpã,"Michaelis, Rosalie & Muhme 2009"
snow,environment,nɛvɨ,nieve,nɛʒ,bəɾəf,Clements2011,dʒel,Clements2011,,,,,ajs,Clements2012,,,,,nevi,Maurer2011,nevi,Quint1998,nev,Baptista2019,nɛv,Baptista2019,nevi,Baptista2019,nevi,Baptista2019,,,nɛvi,HagemeijerMaurer-CecchiniSegorbe2020,,,,,,,,,snew,JacobsHoyer2018,,,njebi,Diccionario2008,njebi,Sippola2011,,,,,,,nɛʒ,Valdman et al. 1999,lanɛʒ,Wittmann 1973,laglas,Barbotin & Tourenux 2000,lanɛʒ,Confiant 2007,lãeʒ,Mondesir 1992,lanez,Wittmann 1973,,,lãnez,"Michaelis, Rosalie & Muhme 2009"
some,quant,aɫɡũʃ,alguno,kelk,angu,Clements2012,algũ,Clements2012,ãgu,Clements2012,aluŋ,Clements2012,,,kalteŋ,BaxterSilva2004,kwantu,FernandesBaxter2001,aluŋ,Maurer2011,ɐlgũ,Quint1998,kziɲɐ,Baptista2014,ũʃ,Swolkien2015,ũ poku,Baptista2019,ũ poku,Baptista2019,ũadosu,AraujoHagemeijer2013,almidudʒi,HagemeijerMaurer-CecchiniSegorbe2020,,,,,aɫgũʃ,SilvaAfonsoMachadoCunhaMarquesFernandesGianfranchiJúniorBorgesMartinsZardoLimaMendesTrigo2024,,,algun,JacobsHoyer2018,aggun,Mercado2026,poku,Diccionario2008,pukitiŋ,Sippola2011,algun,DeCastro2019,ũde,Carvalho et al. 2022,kɛk,Barthèlemi 2007,kɛk,Valdman et al. 1999,kɛk,Wittmann 1973,jɔ̃nde,Barbotin & Tourenux 2000,jɔ̃nde,Confiant 2007,tibrɛ̃,Mondesir 1992,detɣwa,Wittmann 1973,,,ɛ̃ pe,"Michaelis, Rosalie & Muhme 2009"
spit,body verb,kuʃpiɾ,escupir,kʁaʃe,kuspi,Clements2011,kuspi,Clements2011,kuspi,Clements2012,kuspiː,Clements2012,kuspi,Clements2012,kuspi,BaxterSilva2004,kuspi,FernandesBaxter2001,pintʃa kuspi,Maurer2011,kuspi,Quint1998,kspi,Baptista2019,kuʃpi,Baptista2019,kuspi,Baptista2019,guspi,Baptista2019,kupi,Bandeira2017,,,kupi,Araujo2012,kupi,Bandeira2017,kuʃpi,SilvaAfonsoMachadoCunhaMarquesFernandesGianfranchiJúniorBorgesMartinsZardoLimaMendesTrigo2024,,,skupi,JacobsHoyer2018,kupi,Dieck2000,iskupi,Diccionario2008,iskuptja,Sippola2011,iskupi,DeCastro2019,khaʃe,Tobler 1987,kʁaʃe,Barthèlemi 2007,kɾaʃe,Valdman et al. 1999,kɣaʃe,Wittmann 1973,kɣaʃe,Barbotin & Tourenux 2000,kɣaʃe,Confiant 2007,kwaʃa,Mondesir 1992,kɣase,Wittmann 1973,,,kɣase,"Michaelis, Rosalie & Muhme 2009"
split,impact,dividiɾ,partir,fɑ̃dʁ,abɾi,Clements2012,abɾi,Clements2012,,,,,,,fende,BaxterSilva2004,fende,FernandesBaxter2001,fendi,Maurer2011,pɐti,Quint1998,rɐtʃa,Baptista2019,ʀɐtʃa,Baptista2019,ɾɐtʃa,Baptista2019,ɾɐtʃa,Baptista2019,dividi,AraujoHagemeijer2013,lasa,Cosme2014,tɔlɔ,Araujo2012,taja,Cosme2014,dividi,SilvaAfonsoMachadoCunhaMarquesFernandesGianfranchiJúniorBorgesMartinsZardoLimaMendesTrigo2024,,,sepaɾa,JacobsHoyer2018,ɾibiɾi,Schwegler2000,rumpi,Diccionario2008,paɾti,Sippola2011,dividi,DeCastro2019,sepahe,Tobler 1987,sepaʁe,Barthèlemi 2007,fãn,Valdman et al. 1999,fãn,Wittmann 1973,fãn,Barbotin & Tourenux 2000,fãn,Confiant 2007,fãn,Mondesir 1992,fan,Wittmann 1973,,,fãn,"Michaelis, Rosalie & Muhme 2009"
squeeze,transfer,ɨʃpɾɨmeɾ,apretar,seʁe,ispərme,Clements2011,iʃprəme,Clements2011,,,ispɾome,Callaway1820,,,bakwa,BaxterSilva2004,katʃipia̹,FernandesBaxter2001,,,spɾemi,Quint1998,ʃpreme,Baptista2014,ʃpɾeme,Baptista2019,spɾeme,Baptista2019,spɾeme,Baptista2019,pleme,AraujoHagemeijer2013,peːta,Cosme2014,peme,Araujo2012,pɛta,Cosme2014,peɾmi,SilvaAfonsoMachadoCunhaMarquesFernandesGianfranchiJúniorBorgesMartinsZardoLimaMendesTrigo2024,mpeɾta,Biagui2012,pɾimi,JacobsHoyer2018,,,ispɾimi,Diccionario2008,tʃaka,Ocampo1947,,,sehe,Tobler 1987,seʁe,Barthèlemi 2007,kwẽse,Valdman et al. 1999,seɣe,Wittmann 1973,seɣe,Barbotin & Tourenux 2000,seɣe,Confiant 2007,sewe,Mondesir 1992,seɣe,Wittmann 1973,,,pɣese,"Michaelis, Rosalie & Muhme 2009"
stab,impact,ʃfɐkjaɾ,apuñalar,pwaɲaʁde,fuɾa,Clements2012,fuɾa,Clements2012,fuɾa,Clements2012,fiɾi,Clements2012,tʃutʃɛ,Clements2012,fizga,BaxterSilva2004,fakia̹,FernandesBaxter2001,,,dɐ ku fakɐ,Baptista2019,ʃfkja,Baptista2019,da d fakɐ,Baptista2019,dɐ ku fakɐ,Baptista2019,dɐ ku fakɐ,Baptista2019,dafaka,AraujoHagemeijer2013,,,,,,,puɲɛlɐ,SilvaAfonsoMachadoCunhaMarquesFernandesGianfranchiJúniorBorgesMartinsZardoLimaMendesTrigo2024,,,hinka,JacobsHoyer2018,,,,,,,sagsag,Camins1999,,,pike,Barthèlemi 2007,pike,Valdman et al. 1999,fut jun ku d kuto,Wittmann 1973,pɛse,Barbotin & Tourenux 2000,pice,Confiant 2007,pɔ̃jade,Mondesir 1992,pwagnaɣde,Wittmann 1973,,,pike,"Michaelis, Rosalie & Muhme 2009"
stand,motion,ʃtaɾẽpɛ,"levantarse, estar de pie",sələve,ipetɛ,Clements2012,fikaimpe,Clements2012,ẽpe,Clements2012,impɛ,Clements2012,impɛ,Clements2012,impe,BaxterSilva2004,empe,FernandesBaxter2001,empe,Maurer2011,lɐbɐ̃tɐ,Quint1998,lvãnta,Baptista2014,levɐ̃ta,Baptista2019,sɐke,Tavares2020,sɐke,Baptista2019,mũdʒa,AraujoHagemeijer2013,lããːta,Cosme2014,mũdja,Araujo2012,lata,Cosme2014,jɐ̃dɐ,SilvaAfonsoMachadoCunhaMarquesFernandesGianfranchiJúniorBorgesMartinsZardoLimaMendesTrigo2024,sikidu,Biagui2012,paɾa,Quint2000,ta,Mercado2026,libanta,Diccionario2008,libanta,Sippola2011,libanta,DeCastro2019,leve,Tobler 1987,leve,Barthèlemi 2007,kãpe,Valdman et al. 1999,kãpe,Wittmann 1973,leve,Barbotin & Tourenux 2000,leve,Confiant 2007,dubut,Frank 2001,dibute,Wittmann 1973,debute,Baker 1982,ɟibut,Baker 1982
star,environment,ʃtɾelɐ,estrella,etwal,istɾel,Clements2011,istɾel,Clements2011,istɾel,Clements2012,istɾɛːla,Clements2012,ɪstɾɛlə,Clements2012,strela,BaxterSilva2004,estɾela,FernandesBaxter2001,istɾela,Maurer2011,stɾɛla,Quint1998,ʃtɾelɐ,Baptista2014,ʃtɾela,Baptista2019,stɾela,Baptista2019,stɾela,Baptista2019,ʃtlɛlɐ,Bandeira2017,tɛːla,Bandeira2017,ʃtɛlɐ,Araujo2012,tetẽbu,Bandeira2017,ʃtrelɐ,SilvaAfonsoMachadoCunhaMarquesFernandesGianfranchiJúniorBorgesMartinsZardoLimaMendesTrigo2024,,,stɾea,Quint2000,abaleŋga,Mercado2026,estɾelja,Diccionario2008,estɾelja,Sippola2011,istɾeʎa,DeCastro2019,zɛtwɛl,Tobler 1987,zetwɛl,Barthèlemi 2007,etwal,Valdman et al. 1999,etwal,Wittmann 1973,zetwɛl,Barbotin & Tourenux 2000,zetwal,Confiant 2007,etwal,Frank 2001,zetwal,Wittmann 1973,zetwal,Baker 1982,zetwal,Baker 1982
stick,environment,paw,palo,bɑtɔ̃,paw,Clements2011,paw,Clements2011,paw,Clements2012,paːʋ,Clements2012,kanə,Clements2012,paw,BaxterSilva2004,pau,FernandesBaxter2001,paw,Maurer2011,pɔ,Quint1998,ʃpet,Baptista2019,paw,Baptista2019,po,Baptista2019,po,Baptista2019,pɔ,AraujoHagemeijer2013,buːdã,HagemeijerMaurer-CecchiniSegorbe2020,upa,Araujo2012,pɔ,Cosme2014,pɔ,SilvaAfonsoMachadoCunhaMarquesFernandesGianfranchiJúniorBorgesMartinsZardoLimaMendesTrigo2024,po,Biagui2012,palu,Quint2000,palo,Dieck2000,kanja,Escalante2005,palu,Sippola2011,palitu,DeCastro2019,batõ,Tobler 1983,batõ,Barthèlemi 2007,batõ,Valdman et al. 1999,batõ,Wittmann 1973,batɔ̃,Barbotin & Tourenux 2000,bwa,Confiant 2007,batɔ̃,Mondesir 1992,batõ,Wittmann 1973,,,batɔ̃,"Michaelis, Rosalie & Muhme 2009"
stone,environment,pɛdɾɐ,piedra,pjɛʁ,pɛd,Clements2011,pɛd,Clements2011,pɛd,Clements2012,pɛːdɾa,Clements2012,pædɾə,Clements2012,pedra,BaxterSilva2004,pedɾa,FernandesBaxter2001,pedɾa,Maurer2011,pɛdɾɐ,Quint1998,pɛdɾa,Baptista2019,pɛdɾɐ,Baptista2019,pedɾa,Baptista2019,pedɾa,Baptista2019,budu,Bandeira2017,budu,Bandeira2017,ubudu,Araujo2012,budu,Bandeira2017,pɛdɾɐ,SilvaAfonsoMachadoCunhaMarquesFernandesGianfranchiJúniorBorgesMartinsZardoLimaMendesTrigo2024,pedɾa,Biagui2012,pjeda,Quint2000,pjedɾa,Schwegler2000,pjedɾa,Diccionario2008,pjedɾa,Sippola2011,pjedɾa,DeCastro2019,hɔʃ,Tobler 1983,ʁɔʃ,Barthèlemi 2007,kaju,Valdman et al. 1999,ɣoʃ,Wittmann 1973,ɣoʃ,Barbotin & Tourenux 2000,ɣoʃ,Confiant 2007,pjɛ,Frank 2001,ɣos,Wittmann 1973,ʀɔs,Baker 1982,ɣos,Baker 1982
straight,adjective,diɾejtu,recto,dʁwa,dɾɛtuɾ,Clements2011,dɾet,Clements2011,dɾet,Clements2012,dɾeːtu,Clements2012,dɾɛtə,Clements2012,stretu,BaxterSilva2004,,,luɾus,Maurer2011,ɾetu,Baptista2019,ɾet,Baptista2019,ɾet,Baptista2019,ɾetu,Baptista2019,ɾetu,Baptista2019,dletu,Bandeira2017,deːtu,Bandeira2017,deːtu,Araujo2012,deːtu,Bandeira2017,diɾitu,SilvaAfonsoMachadoCunhaMarquesFernandesGianfranchiJúniorBorgesMartinsZardoLimaMendesTrigo2024,,,diɾɛkt,JacobsHoyer2018,,,deɾetʃu,Diccionario2008,deɾetʃu,Sippola2011,deɾetʃu,DeCastro2019,dhɛt,Tobler 1983,dʁɛt,Barthèlemi 2007,dɾwat,Valdman et al. 1999,dwat,Wittmann 1973,dwɛt,Barbotin & Tourenux 2000,dwɛt,Confiant 2007,dwet,Mondesir 1992,dɣwat,Wittmann 1973,,,tu dɣwat,"Michaelis, Rosalie & Muhme 2009"
suck,body verb,ʃupaɾ,chupar,syse,mamada,Clements2012,tʃupa,Clements2011,,,tʃupaː,Clements2012,tʃupɛ,Clements2012,tʃupa,BaxterSilva2004,tʃupa,FernandesBaxter2001,tʃupa,Maurer2011,tʃupɐ,Quint1998,tʃpa,Baptista2019,tʃpa,Baptista2019,tʃupɐ,Baptista2019,tʃupa,Baptista2019,supa,Bandeira2017,supa,Bandeira2017,supa,Araujo2012,θupa,Bandeira2017,tʃupa,SilvaAfonsoMachadoCunhaMarquesFernandesGianfranchiJúniorBorgesMartinsZardoLimaMendesTrigo2024,cupa,Biagui2012,tʃupa,JacobsHoyer2018,,,tʃupa,Diccionario2008,mama,Ocampo1947,mama,DeCastro2019,suse,Tobler 1983,suse,Barthèlemi 2007,sise,Valdman et al. 1999,suse,Wittmann 1973,sise,Barbotin & Tourenux 2000,sise,Confiant 2007,suse,Mondesir 1992,suse,Wittmann 1973,,,sise,"Michaelis, Rosalie & Muhme 2009"
sun,environment,sɔl,sol,sɔlɛj,sɔl,Clements2011,sɔl,Clements2011,sɔl,Clements2012,sɔːl,Clements2012,sɔl,Clements2012,sol,BaxterSilva2004,sɔl,FernandesBaxter2001,,,sol,Quint1998,sol,Baptista2019,sol,Baptista2019,sol,Baptista2019,sol,Baptista2019,sɔlɔ,Bandeira2017,sɔlɔ,Bandeira2017,usɔlu,Araujo2012,θɔlɔ,Bandeira2017,sɔl,SilvaAfonsoMachadoCunhaMarquesFernandesGianfranchiJúniorBorgesMartinsZardoLimaMendesTrigo2024,sol,Biagui2012,solo,Quint2000,so,Dieck2002,sol,Diccionario2008,sol,Sippola2011,sol,DeCastro2019,solej,Tobler 1983,solej,Barthèlemi 2007,solej,Valdman et al. 1999,solɛj,Wittmann 1973,solɛj,Barbotin & Tourenux 2000,solɛj,Confiant 2007,sɔlɛj,Frank 2001,solej,Wittmann 1973,solɛj,Baker 1982,solej,Baker 1982
swell,human verb,ĩʃaɾ,hincharse,ɡɔ̃fle,itʃa,Clements2012,intʃa,Clements2012,ĩtʃa,Clements2012,intʃa,Clements2012,intʃə,Clements2012,fikaintʃadu,BaxterSilva2004,,,,,ĩtʃɐ,Quint1998,ĩtʃa,Baptista2019,ĩtʃa,Baptista2019,ĩtʃɐ,Baptista2019,ĩtʃɐ,Baptista2019,fuma,AraujoHagemeijer2013,fuma,HagemeijerMaurer-CecchiniSegorbe2020,fuma,Araujo2012,fuma,Cosme2014,ĩguli,SilvaAfonsoMachadoCunhaMarquesFernandesGianfranchiJúniorBorgesMartinsZardoLimaMendesTrigo2024,,,intʃa,JacobsHoyer2018,,,intʃa,Diccionario2008,intʃaw,Ocampo1947,intʃa,Camins1999,ghõfle,Tobler 1983,gõfle,Barthèlemi 2007,gõfle,Valdman et al. 1999,ãfle,Wittmann 1973,ãfle,Barbotin & Tourenux 2000,ãfle,Confiant 2007,ãfle,Mondesir 1992,ãfle,Wittmann 1973,,,,"Michaelis, Rosalie & Muhme 2009"
swim,motion,nɐdaɾ,nadar,naʒe,nada,Clements2011,nada,Clements2011,nada,Clements2012,nada,Callaway1820,,,nada,BaxterSilva2004,nada̹,FernandesBaxter2001,nada,Maurer2011,nadɐ,Quint1998,nɐda,Baptista2014,nada,Baptista2019,nɐdɐ,Tavares2020,nadɐ,Baptista2019,lɐ̃da,Bandeira2017,laːnta,HagemeijerMaurer-CecchiniSegorbe2020,lɐ̃da,Araujo2012,lɐ̃da,Bandeira2017,nadɐ,SilvaAfonsoMachadoCunhaMarquesFernandesGianfranchiJúniorBorgesMartinsZardoLimaMendesTrigo2024,nada,Biagui2012,landa,Quint2000,,,nada,Diccionario2008,nada,Sippola2011,nada,DeCastro2019,naʒe,Tobler 1987,naʒe,Barthèlemi 2007,naʒe,Valdman et al. 1999,naʒe,Wittmann 1973,naʒe,Barbotin & Tourenux 2000,naʒe,Confiant 2007,naʒe,Frank 2001,naze,Wittmann 1973,nazɛ,Baker 1982,nazɛɛ,Baker 1982
tail,animal product,kawdɐ,cola,kø,ɾʰab,Clements2011,ʀab,Clements2012,ɾab,Clements2012,ɾaʋ,Clements2012,ɾabə,Clements2012,rabu,BaxterSilva2004,rabu,FernandesBaxter2001,ɾabu,Maurer2011,ɾabu,Quint1998,ɾɔb,Baptista2019,ɾɔb,Baptista2019,ɾabu,Tavares2020,ɾabu,Baptista2019,labu,AraujoHagemeijer2013,labu,Bandeira2017,urabu,Araujo2012,labu,Bandeira2017,,,rabu,Biagui2012,ɾabu,Quint2000,labo,Schwegler2000,rabu,Diccionario2008,rabu,Sippola2011,rabu,Camins1999,laʃo,Tobler 1983,tʃo,Barthèlemi 2007,ke,Valdman et al. 1999,ke,Wittmann 1973,lace,Barbotin & Tourenux 2000,lace,Confiant 2007,laʧe,Mondesir 1992,lake,Wittmann 1973,lake,Baker 1982,lake,Baker 1982
that,pro,ɐkilu,"ese, aquel",səla,akə,Clements2011,akel,Clements2011,ikəl,Clements2012,aka,Clements2012,akəl,Clements2012,ki,BaxterSilva2004,akuŋa,FernandesBaxter2001,akelu,Maurer2011,kel la,Quint1998,kel,Baptista2014,kel,Baptista2019,kella,Tavares2020,kel,Baptista2019,ke,AraujoHagemeijer2013,ʃiki,HagemeijerMaurer-CecchiniSegorbe2020,ki,Araujo2012,,,kelɐ,SilvaAfonsoMachadoCunhaMarquesFernandesGianfranchiJúniorBorgesMartinsZardoLimaMendesTrigo2024,kella,Biagui2012,esei,JacobsHoyer2018,ake,Schwegler2013,akel,Diccionario2008,kalja,Sippola2011,akel,DeCastro2019,sa,Tobler 1983,sa,Barthèlemi 2007,sa,Valdman et al. 1999,sila,Wittmann 1973,sa,Barbotin & Tourenux 2000,lotla,Confiant 2007,se,Mondesir 1992,sa,Wittmann 1973,sa,Baker 1982,sa,Baker 1982
there,pro,ɐli,ahí,la,ali,Clements2011,ali,Clements2011,ali,Clements2012,alaː,Clements2012,ali,Clements2012,nali,BaxterSilva2004,ali,FernandesBaxter2001,ala,Maurer2011,la,Quint1998,la,Baptista2019,la,Baptista2019,la,Baptista2019,la,Baptista2019,ala,Bandeira2017,ala,HagemeijerMaurer-CecchiniSegorbe2020,la,Araujo2012,la,Bandeira2017,la,SilvaAfonsoMachadoCunhaMarquesFernandesGianfranchiJúniorBorgesMartinsZardoLimaMendesTrigo2024,la,Biagui2012,aja,Quint2000,aja,Green2002,alja,Diccionario2008,aji,Sippola2011,aʎa,DeCastro2019,la,Tobler 1983,la,Barthèlemi 2007,la,Valdman et al. 1999,la,Wittmann 1973,la,Barbotin & Tourenux 2000,la,Confiant 2007,la,Mondesir 1992,laba,Wittmann 1973,,,la,"Michaelis, Rosalie & Muhme 2009"
they,pro,eɫɨʃ,"ellos, ellas","il, ɛl",elo,Clements2011,elz,Clements2011,elz,Clements2012,etus,Clements2012,olot,Clements2012,olotu,BaxterSilva2004,olotɾu,FernandesBaxter2001,dʒenti aka,Maurer2011,es,Quint1998,eʃ,Baptista2014,es,Baptista2019,es,Baptista2019,ezi,Baptista2019,ine,Bandeira2017,ɛnɛ,Bandeira2017,inɛ,Araujo2012,ɛnɛ,Bandeira2017,elis,SilvaAfonsoMachadoCunhaMarquesFernandesGianfranchiJúniorBorgesMartinsZardoLimaMendesTrigo2024,ɟelus,Biagui2012,nan,Jacobs2012,ane,Schwegler2000,ilus,Diccionario2008,lotɾu,Sippola2011,sila,DeCastro2019,je,Tobler 1983,je,Barthèlemi 2007,je,Valdman et al. 1999,jo,Wittmann 1973,jo,Barbotin & Tourenux 2000,jo,Confiant 2007,jo,Mondesir 1992,zot,Wittmann 1973,zotla,Stein 1984,zot,"Michaelis, Rosalie & Muhme 2009"
thick,adjective,gɾosu,grueso,epɛ,gɾos,Clements2011,gɾos,Clements2011,gɾos,Clements2012,gɾoːsu,Clements2012,gɾosə,Clements2012,grosu,BaxterSilva2004,gɾo̹so,FernandesBaxter2001,tebal,Maurer2011,gɾɔs,Quint1998,gɾos,Baptista2019,gɾos,Baptista2019,gɾɔs,Baptista2019,gɾosu,Baptista2019,glɔsu,AraujoHagemeijer2013,gɔːsu,HagemeijerMaurer-CecchiniSegorbe2020,gɔsu,Araujo2012,nɛtaɾu,Cosme2014,gɾɔs,SilvaAfonsoMachadoCunhaMarquesFernandesGianfranchiJúniorBorgesMartinsZardoLimaMendesTrigo2024,gɾos,Biagui2012,goɾdo,JacobsHoyer2018,entutanaw,Mercado2026,gɾwesu,Diccionario2008,gɾwesu,Ocampo1947,gɾwesu,DeCastro2019,pɛs,Tobler 1987,epɛs,Barthèlemi 2007,epe,Valdman et al. 1999,epe,Wittmann 1973,epe,Barbotin & Tourenux 2000,epe,Confiant 2007,epe,Mondesir 1992,epe,Wittmann 1973,,,epe,"Michaelis, Rosalie & Muhme 2009"
thin,adjective,finu,"delgado, flaco",mɛ̃s,ɾʱal,Clements2012,ʀal,Clements2012,fin,Clements2012,finu,Clements2012,finə,Clements2012,finu,BaxterSilva2004,magɾu,FernandesBaxter2001,magɾi,Maurer2011,finu,Quint1998,fin,Baptista2019,fin,Baptista2019,finu,Baptista2019,finu,Baptista2019,dlɛgadu,AraujoHagemeijer2013,dɛːgadu,HagemeijerMaurer-CecchiniSegorbe2020,finu,Araujo2012,mɐ̃gu,Bandeira2017,,,dalgadu,Biagui2012,delega,JacobsHoyer2018,ɾeggaw,Schwegler2000,pinu,Diccionario2008,plaku,Ocampo1947,pinu,DeCastro2019,mɛg,Tobler 1983,mɛg,Barthèlemi 2007,fẽ,Valdman et al. 1999,mẽs,Wittmann 1973,fɛ̃,Barbotin & Tourenux 2000,fɛ̃,Confiant 2007,mɛ̃s,Mondesir 1992,mẽs,Wittmann 1973,mɛg,Staudacher-Valliamee 2001,mɛ̃s,"Michaelis, Rosalie & Muhme 2009"
think,perception verb,pẽsaɾ,pensar,pɑ̃se,ʋitʃaɾhedze,Clements2012,pensa,Clements2012,pẽsa,Clements2012,lembɾa,Clements2012,lembɾa,Clements2012,pensa,BaxterSilva2004,rena̜,FernandesBaxter2001,lembɾa,Maurer2011,pẽsɐ,Quint1998,pẽnsa,Baptista2019,pẽsa,Swolkien2015,pẽsɐ,Baptista2019,pẽsɐ,Baptista2019,pɛ̃sa,AraujoHagemeijer2013,pẽsa,HagemeijerMaurer-CecchiniSegorbe2020,pẽsa,Araujo2012,pɛ̃θa,Cosme2014,lẽbɾa,SilvaAfonsoMachadoCunhaMarquesFernandesGianfranchiJúniorBorgesMartinsZardoLimaMendesTrigo2024,,,pensa,JacobsHoyer2018,pensa,Dieck2000,pinsa,Diccionario2008,pensa,Sippola2011,pensa,DeCastro2019,maʒine,Tobler 1983,pãse,Barthèlemi 2007,ʒõŋgle,Valdman et al. 1999,pãse,Wittmann 1973,sɔ̃ʒe,Barbotin & Tourenux 2000,sɔ̃ʒe,Confiant 2007,pãse,Mondesir 1992,mazine,Wittmann 1973,mazine,Staudacher-Valliamee 2001,pãse,"Michaelis, Rosalie & Muhme 2009"
this,pro,iʃtu,este,səsi,je,Clements2012,es,Clements2012,es,Clements2012,isti,Clements2012,isti,Clements2012,isti,BaxterSilva2004,istuŋa,FernandesBaxter2001,esta,Maurer2011,kel li,Quint1998,kel ei,Baptista2019,es,Swolkien2015,kel li,Tavares2020,kel li,Baptista2019,isaki,AraujoHagemeijer2013,isala,HagemeijerMaurer-CecchiniSegorbe2020,,,,,ɛs,SilvaAfonsoMachadoCunhaMarquesFernandesGianfranchiJúniorBorgesMartinsZardoLimaMendesTrigo2024,es,Biagui2012,esaki,JacobsHoyer2018,ese,Schwegler2000,este,Diccionario2008,esti,Sippola2011,esti,DeCastro2019,sa,Tobler 1983,sa,Barthèlemi 2007,sa,Valdman et al. 1999,sa,Wittmann 1973,si,Barbotin & Tourenux 2000,tala,Confiant 2007,sala,Frank 2001,sa,Wittmann 1973,sa,Baker 1982,sa,Baker 1982
three,quant,tɾeʃ,tres,tʁwɑ,tɾej,Clements2011,tɾej,Clements2011,tɾej,Clements2012,tɾeːs,Clements2012,tɾesə,Clements2012,tres,BaxterSilva2004,tɾes,FernandesBaxter2001,tɾes,Maurer2011,tɾɛs,Quint1998,tɾes,Baptista2019,tɾes,Baptista2019,tɾes,Baptista2019,tɾes,Baptista2019,tleʃi,Bandeira2017,teːʃi,Bandeira2017,teːʃi,Araujo2012,teːʃi,Bandeira2017,tɾes,SilvaAfonsoMachadoCunhaMarquesFernandesGianfranchiJúniorBorgesMartinsZardoLimaMendesTrigo2024,tres,Biagui2012,tɾes,JacobsHoyer2018,tɾes,Schwegler2000,tɾes,Diccionario2008,tɾes,Sippola2011,,,thwa,Tobler 1983,tʁwa,Barthèlemi 2007,tɾwa,Valdman et al. 1999,,,twa,Barbotin & Tourenux 2000,twa,Confiant 2007,twa,,tɣwa,Wittmann 1973,tʀwa,Stein 1984,tɣwa,"Michaelis, Rosalie & Muhme 2009"
throw,transfer,lɐ̃saɾ,"tirar, arrojar","ʒəte, lɑ̃se",atɾa,Clements2012,atɾa,Clements2012,atəɾa,Clements2012,pint̠ʃaː,SilvaTrigo2022,,,pintʃa,BaxterSilva2004,atiɾa̜,FernandesBaxter2001,pintʃa,Maurer2011,djɐ,Quint1998,ɾemesa,Baptista2019,bta,Swolkien2015,botɐ,Baptista2019,botɐ,Baptista2019,zuga,AraujoHagemeijer2013,zugwa,HagemeijerMaurer-CecchiniSegorbe2020,zuga,Araujo2012,ðuga,Cosme2014,mɐ̃da,SilvaAfonsoMachadoCunhaMarquesFernandesGianfranchiJúniorBorgesMartinsZardoLimaMendesTrigo2024,bota,Biagui2012,tiɾa,JacobsHoyer2018,etʃa,Schwegler2013,buta,Diccionario2008,tiɾa,Sippola2011,buta,DeCastro2019,ʒite,Tobler 1983,,,gaɾoche,Valdman et al. 1999,ʒəte,Wittmann 1973,laɟe atɛ,Barbotin & Tourenux 2000,ʒete,Confiant 2007,ʒete,Mondesir 1992,zete,Wittmann 1973,,,zete,"Michaelis, Rosalie & Muhme 2009"
tie,transfer,ɐmɐʀaɾ,atar,lje,mhaɾa,Clements2011,maʀa,Clements2011,aməɾa,Clements2012,maɾaː,Clements2012,maɾɛ,Clements2012,mara,BaxterSilva2004,maɾa̹,FernandesBaxter2001,maɾa,Maurer2011,maɾɐ,Quint1998,mɐɾa,Baptista2019,maɾa,Baptista2019,maɾɐ,Baptista2019,maɾɐ,Baptista2019,mala,Bandeira2017,mala,Bandeira2017,mara,Araujo2012,maː,Bandeira2017,mara,SilvaAfonsoMachadoCunhaMarquesFernandesGianfranchiJúniorBorgesMartinsZardoLimaMendesTrigo2024,,,maɾa,JacobsHoyer2018,mala,Schwegler2000,amara,Diccionario2008,maʰra,Sippola2011,amaʰra,DeCastro2019,mahe,Tobler 1983,maʁe,Barthèlemi 2007,amaɾe,Valdman et al. 1999,maɾẽ,Wittmann 1973,ljãne,Barbotin & Tourenux 2000,maɣe,Confiant 2007,ataʃe,Mondesir 1992,amaɣe,Wittmann 1973,,,ãmaɣe,"Michaelis, Rosalie & Muhme 2009"
tongue,body part,lĩgwɐ,lengua,lɑ̃ɡ,liŋ,Clements2012,liŋ,Clements2012,liŋ,Clements2012,lingu,Clements2012,lingə,Clements2012,liŋgu,BaxterSilva2004,liŋgu,FernandesBaxter2001,liŋgu,Maurer2011,lĩgwɐ,Quint1998,lĩŋgɐ,Baptista2014,lĩŋgɐ,Baptista2019,lĩgwɐ,Tavares2020,lĩgwɐ,Baptista2019,lũgwa,AraujoHagemeijer2013,lũŋga,Bandeira2017,lũgɛ,Araujo2012,lũga,Bandeira2017,lĩgwɐ,SilvaAfonsoMachadoCunhaMarquesFernandesGianfranchiJúniorBorgesMartinsZardoLimaMendesTrigo2024,,,leŋa,Quint2000,leŋgwa,Schwegler2000,leŋgwa,Diccionario2008,leŋgwa,Sippola2011,leŋgwa,DeCastro2019,laŋ,Tobler 1983,laŋ,Barthèlemi 2007,lalãŋg,Valdman et al. 1999,lãg,Wittmann 1973,lãg,Barbotin & Tourenux 2000,laŋ,Confiant 2007,lãŋ,Frank 2001,lalãŋ,Wittmann 1973,lãg,Baker 1982,lalã,Baker 1982
tooth,body part,dẽtɨ,diente,dɑ̃,dɛ̃t,Clements2011,dent,Clements2011,dẽt,Clements2012,deːnti,Clements2012,denti,Clements2012,denti,BaxterSilva2004,dente,FernandesBaxter2001,denti,Maurer2011,dẽti,Quint1998,dẽnt,Baptista2019,dẽt,Baptista2019,dẽti,Baptista2019,dẽti,Baptista2019,dẽtʃi,Bandeira2017,dẽntʃi,Bandeira2017,idɛ̃tʃɪ,Araujo2012,detʃɪ,Bandeira2017,dĩti,SilvaAfonsoMachadoCunhaMarquesFernandesGianfranchiJúniorBorgesMartinsZardoLimaMendesTrigo2024,dinti,Biagui2012,dʒente,Quint2000,ɾjende,Moñino2002,djenti,Diccionario2008,djenti,Sippola2011,djenti,DeCastro2019,dã,Tobler 1983,,,dã,Valdman et al. 1999,dã,Wittmann 1973,dã,Barbotin & Tourenux 2000,dã,Confiant 2007,dã,Frank 2001,ledã,Wittmann 1973,dã,Baker 1982,ledã,Baker 1982
tree,environment,aɾvuɾɨ,árbol,aʁbʁ,alb,Clements2011,aɾʋ,Clements2011,aɾʋ,Clements2012,aːlʋɾi,Clements2012,alʋɾi,Clements2012,albi,BaxterSilva2004,a̜ɾvɾe,FernandesBaxter2001,albəɾ,Maurer2011,aɾvi,Quint1998,aɾv,Baptista2019,aɾv,Baptista2019,aɾvi,Baptista2019,aɾvi,Baptista2019,aluvu,AraujoHagemeijer2013,opa,HagemeijerMaurer-CecchiniSegorbe2020,upa,Araujo2012,,,arvorɪ,SilvaAfonsoMachadoCunhaMarquesFernandesGianfranchiJúniorBorgesMartinsZardoLimaMendesTrigo2024,po,Biagui2012,palu,Quint2000,palo,Schwegler2000,ponuo,Diccionario2008,ponu,Sippola2011,ponu,DeCastro2019,pjebwa,Tobler 1983,bwa,Barthèlemi 2007,bwa,Valdman et al. 1999,pjebwa,Wittmann 1973,pjebwa,Barbotin & Tourenux 2000,pjebwa,Confiant 2007,pjebwa,Frank 2001,pje,Wittmann 1973,pje,Baker 1982,pje,Baker 1982
turn,motion,viɾaɾ,"girar, dar una vuelta",tuʁne,ʋiɾahedze,Clements2012,ʋiɾa,Clements2012,ʋiɾa,Clements2012,ʋiɾa,Clements2012,ʋiɾə,Clements2012,bira,BaxterSilva2004,viɾa̜,FernandesBaxter2001,biɾa,Maurer2011,biɾɐ,Quint1998,vɾa,Baptista2019,vɾa,Baptista2019,biɾa,Baptista2019,biɾa,Baptista2019,bila,AraujoHagemeijer2013,vla,HagemeijerMaurer-CecchiniSegorbe2020,vja,Araujo2012,bila,Cosme2014,viɾɐ,SilvaAfonsoMachadoCunhaMarquesFernandesGianfranchiJúniorBorgesMartinsZardoLimaMendesTrigo2024,bida,Biagui2012,biɾa,JacobsHoyer2018,ɾia,Mercado2026,biɾa,Diccionario2008,biɾa,Sippola2011,biɾa,DeCastro2019,vihe,Tobler 1983,viʁe,Barthèlemi 2007,tuɾne,Valdman et al. 1999,tũnẽ,Wittmann 1973,tunɛ̃,Barbotin & Tourenux 2000,tunɛ̃,Confiant 2007,tune,Mondesir 1992,viɣe,Wittmann 1973,tuʀne,Stein 1984,viɣe,"Michaelis, Rosalie & Muhme 2009"
two,quant,dojʃ,dos,dø,doj,Clements2011,doj,Clements2011,doj,Clements2012,doːs,Clements2012,dos,Clements2012,dos,BaxterSilva2004,do̹s,FernandesBaxter2001,dos,Maurer2011,dɔs,Quint1998,doj,Baptista2014,doʃ,Baptista2019,dos,Baptista2019,dos,Baptista2019,dosu,Bandeira2017,dosu,Bandeira2017,dosu,Araujo2012,dosu,Bandeira2017,dos,SilvaAfonsoMachadoCunhaMarquesFernandesGianfranchiJúniorBorgesMartinsZardoLimaMendesTrigo2024,dus,Biagui2012,dos,Quint2000,ndo,Schwegler2000,dos,Diccionario2008,dos,Sippola2011,dos,DeCastro2019,de,Tobler 1983,de,Barthèlemi 2007,de,Valdman et al. 1999,de,Wittmann 1973,de,Barbotin & Tourenux 2000,de,Confiant 2007,de,Frank 2001,de,Wittmann 1973,de,Baker 1982,de,Baker 1982
vomit,body verb,vumitaɾ,vomitar,vɔmiʁ,gumita,Clements2011,lansa,Clements2011,,,gumitaː,Clements2012,gumtə,Clements2012,gumita,BaxterSilva2004,,,,,gumitɐ,Quint1998,vmita,Baptista2019,vumita,Baptista2019,vumitɐ,Baptista2019,vomitɐ,Baptista2019,ŋgumita,Bandeira2017,luza,Bandeira2017,gumita,Araujo2012,ŋgumita,Bandeira2017,rɔbasa,SilvaAfonsoMachadoCunhaMarquesFernandesGianfranchiJúniorBorgesMartinsZardoLimaMendesTrigo2024,,,aɾoha,JacobsHoyer2018,,,bumita,Diccionario2008,gumita,Sippola2011,gumita,DeCastro2019,vomi,Tobler 1987,vʁõmi,Barthèlemi 2007,vomi,Valdman et al. 1999,vomi,Wittmann 1973,vɔ̃mi,Barbotin & Tourenux 2000,vɔ̃mi,Confiant 2007,vɔ̃mi,Mondesir 1992,vomi,Wittmann 1973,,,vomi,"Michaelis, Rosalie & Muhme 2009"
walk,motion,ɐ̃daɾ,caminar,maʁʃe,maɾtʃa,Clements2012,maɾtʃa,Clements2012,ãda,Clements2012,matʃa,Clements2012,maɾtʃæ,Clements2012,anda,BaxterSilva2004,anda̜,FernandesBaxter2001,maɾtʃa,Maurer2011,ɐ̃dɐ,Quint1998,ãnda,Baptista2019,ãda,Swolkien2015,ɐndɐ,Tavares2020,ɐnda,Baptista2019,ɐ̃dali,AraujoHagemeijer2013,nda,HagemeijerMaurer-CecchiniSegorbe2020,nda,Araujo2012,nda,Cosme2014,jɐ̃dɐ,SilvaAfonsoMachadoCunhaMarquesFernandesGianfranchiJúniorBorgesMartinsZardoLimaMendesTrigo2024,ɟenda,Biagui2012,kana,Quint2000,kamina,Schwegler1996,kamina,Diccionario2008,kamina,Sippola2011,kamina,DeCastro2019,maʃe,Tobler 1983,maʃe,Barthèlemi 2007,maɾʃe,Valdman et al. 1999,maʃe,Wittmann 1973,maʃe,Barbotin & Tourenux 2000,maʃe,Confiant 2007,maʃe,Frank 2001,maɣse,Wittmann 1973,maase,Baker 1982,maase,Baker 1982
warm,adjective,moɾnu,"caliente, cálido",ʃo,kɛ̃t,Clements2011,kent,Clements2011,kẽt,Clements2012,keːnti,Clements2012,kenti,Clements2012,kenti,BaxterSilva2004,kente,FernandesBaxter2001,kenti,Maurer2011,kẽti,Quint1998,kẽnt,Baptista2014,kẽt,Baptista2019,kẽti,Tavares2020,kẽti,Baptista2019,kẽtʃi,AraujoHagemeijer2013,kẽtʃi,HagemeijerMaurer-CecchiniSegorbe2020,kẽtʃi,Araujo2012,ketʃi,Cosme2014,kĩntɪ,SilvaAfonsoMachadoCunhaMarquesFernandesGianfranchiJúniorBorgesMartinsZardoLimaMendesTrigo2024,cinti,Biagui2012,kajente,Quint2000,nblasa,Mercado2026,kaljenti,Diccionario2008,kaljenti,Sippola2011,kaʎenti,DeCastro2019,ʃofe,Tobler 1983,ʃofe,Barthèlemi 2007,ʃofe,Valdman et al. 1999,ʃo,Wittmann 1973,ʃo,Barbotin & Tourenux 2000,ʃo,Confiant 2007,ʃo,Frank 2001,so,Wittmann 1973,so ,Baker 1982,so ,Baker 1982
wash,transfer,lɐvaɾ,lavar,lave,laʋa,Clements2011,laʋa,Clements2011,laʋa,Clements2012,laʋaː,Clements2012,ləʋə,Clements2012,laba,BaxterSilva2004,,,limpa,Maurer2011,labɐ,Quint1998,lɐva,Baptista2014,lɐva,Baptista2019,labɐ,Baptista2019,labɐ,Baptista2019,laba,Bandeira2017,laba,Bandeira2017,lava,Araujo2012,laba,Bandeira2017,labɐ,SilvaAfonsoMachadoCunhaMarquesFernandesGianfranchiJúniorBorgesMartinsZardoLimaMendesTrigo2024,laba,Biagui2012,laba,JacobsHoyer2018,laba,Schwegler2013,laba,Diccionario2008,laba,Sippola2011,laba,DeCastro2019,lave,Tobler 1983,lave,Barthèlemi 2007,lave,Valdman et al. 1999,lave,Wittmann 1973,lave,Barbotin & Tourenux 2000,lave,Confiant 2007,lave,Mondesir 1992,lave,Wittmann 1973,lave,Staudacher-Valliamee 2001,lave,"Michaelis, Rosalie & Muhme 2009"
water,environment,agwɐ,agua,o,ag,Clements2011,ag,Clements2011,ag,Clements2012,aːʋ,Clements2012,agə,Clements2012,agu,BaxterSilva2004,a̜gu,FernandesBaxter2001,agu,Maurer2011,agu,Quint1998,agɐ,Baptista2014,agɐ,Baptista2019,agu,Baptista2019,agwa,Baptista2019,awɐ,Bandeira2017,awa,Bandeira2017,awɐ,Araujo2012,awɐ,Bandeira2017,jagʊ,SilvaAfonsoMachadoCunhaMarquesFernandesGianfranchiJúniorBorgesMartinsZardoLimaMendesTrigo2024,ɟagu,Biagui2012,awa,JacobsHoyer2018,agwa,Dieck2000,agwa,Diccionario2008,agwa,Sippola2011,agwa,DeCastro2019,dlo,Tobler 1983,dlo,Barthèlemi 2007,dolo,Valdman et al. 1999,dlo,Wittmann 1973,dlo,Barbotin & Tourenux 2000,dlo,Confiant 2007,dlo,Frank 2001,delo,Wittmann 1973,dlo,Baker 1982,ɟilo,Baker 1982
we,pro,nɔʃ,"nosotros, nosotras",nu,nɔ,Clements2011,nɔs,Clements2011,nɔs,Clements2012,noːs,Clements2012,nɔzə,Clements2012,nus,BaxterSilva2004,nos,FernandesBaxter2001,nos,Maurer2011,nu,Quint1998,nos,Baptista2014,nɔs,Baptista2019,nos,Baptista2019,nos,Baptista2019,nõ,Bandeira2017,nõ,Bandeira2017,nɔ̃,Araujo2012,nɔ̃,Bandeira2017,anɔs,SilvaAfonsoMachadoCunhaMarquesFernandesGianfranchiJúniorBorgesMartinsZardoLimaMendesTrigo2024,nos,Biagui2012,nos,Quint2000,suto,BickertonEscalante1970,niso,Diccionario2008,motɾu,Sippola2011,kita,DeCastro2019,nu,Tobler 1983,nu,Barthèlemi 2007,nuzɔt,Valdman et al. 1999,nu,Wittmann 1973,nu,Barbotin & Tourenux 2000,nu,Confiant 2007,nu,Frank 2001,nu,Wittmann 1973,nu,Baker 1982,nu,Baker 1982
wet,adjective,muʎadu,mojado,muje,muljad,Clements2011,muljad,Clements2011,mujad,Clements2012,mujaːdu,Clements2012,muʎad,Clements2012,muladu,BaxterSilva2004,muladu,FernandesBaxter2001,muladu,Maurer2011,modʒadu,Quint1998,mojɔd,Baptista2019,mojɔd,Baptista2019,modʒadu,Baptista2019,modʒadu,Baptista2019,mɔ̃ɲadu,Bandeira2017,maːdu,HagemeijerMaurer-CecchiniSegorbe2020,mwadu,Araujo2012,miadu,Bandeira2017,mɔjadu,SilvaAfonsoMachadoCunhaMarquesFernandesGianfranchiJúniorBorgesMartinsZardoLimaMendesTrigo2024,,,muha,JacobsHoyer2018,,,muhaw,Diccionario2008,muhaw,Ocampo1947,muhaw,Camins1999,thãpe,Tobler 1983,muje,Barthèlemi 2007,tɾãp,Valdman et al. 1999,muje,Wittmann 1973,plɛ̃ dlo,Barbotin & Tourenux 2000,muje,Confiant 2007,muje,Mondesir 1992,muje,Wittmann 1973,,,imid,"Michaelis, Rosalie & Muhme 2009"
what,pro,uke,qué,kwa,ki,Clements2012,ki,Clements2012,ki,Clements2012,ki,Clements2012,ki,Clements2012,ki,BaxterSilva2004,ki,FernandesBaxter2001,ki,Maurer2011,kusɛ,Quint1998,ke,Baptista2014,kze,Swolkien2015,kuze,Tavares2020,kuze,Baptista2019,kwa,AraujoHagemeijer2013,xa,HagemeijerMaurer-CecchiniSegorbe2020,kwa,Araujo2012,kwaj,Cosme2014,kal,SilvaAfonsoMachadoCunhaMarquesFernandesGianfranchiJúniorBorgesMartinsZardoLimaMendesTrigo2024,ke,Biagui2012,kiko,Quint2000,ke,Dieck2000,kosa,Diccionario2008,kosa,Sippola2011,kosa,DeCastro2019,ki,Tobler 1983,kisa,Barthèlemi 2007,ki,Valdman et al. 1999,ki,Wittmann 1973,kisa,Barbotin & Tourenux 2000,kisa,Confiant 2007,ki,Frank 2001,ki,Wittmann 1973,ko sa,Baker 1982,ki,Baker 1982
when,pro,kwɐ̃du,cuándo,kã,kɔɾ,Clements2011,kwan,Clements2011,kwɔn,Clements2012,kijɔːɾa,Clements2012,kiɔɾə,Clements2012,kantu,BaxterSilva2004,keloɾa,FernandesBaxter2001,ki oɾa,Maurer2011,ɔɾɐ,Quint1998,kõnd,Baptista2014,kɔ̃d,Swolkien2015,kitẽpu,Baptista2019,kuãdu,Baptista2019,ɔla,AraujoHagemeijer2013,gɔla,HagemeijerMaurer-CecchiniSegorbe2020,kãnu,Araujo2012,ɔla,Cosme2014,,,woca,Biagui2012,kioɾa,JacobsHoyer2018,kwandi,Schwegler2000,kwandu,Diccionario2008,kwandu,Sippola2011,kwandu,DeCastro2019,kã,Tobler 1983,kã,Barthèlemi 2007,kã,Valdman et al. 1999,kã,Wittmann 1973,lɛ,Barbotin & Tourenux 2000,lɛ,Confiant 2007,ki le,Mondesir 1992,kã,Wittmann 1973,kã,Stein 1984,kã,"Michaelis, Rosalie & Muhme 2009"
where,pro,õdɨ,dónde,u,un,Clements2011,un,Clements2011,ɔn,Clements2012,oːndi,Clements2012,ɔndi,Clements2012,undi,BaxterSilva2004,unde,FernandesBaxter2001,ondi,Maurer2011,ũdi,Quint1998,õnd,Baptista2014,ũd,Swolkien2015,ũdi,Tavares2020,,,ɐ̃dʒi,AraujoHagemeijer2013,ana,HagemeijerMaurer-CecchiniSegorbe2020,,,,,nũdɛ,SilvaAfonsoMachadoCunhaMarquesFernandesGianfranchiJúniorBorgesMartinsZardoLimaMendesTrigo2024,,,unda,JacobsHoyer2018,andi,Schwegler2000,dondi,Diccionario2008,dondi,Sippola2011,dondi,DeCastro2019,kote,Tobler 1983,u,Barthèlemi 2007,au,Valdman et al. 1999,ki kote,Wittmann 1973,ki kote,Barbotin & Tourenux 2000,kikote,Confiant 2007,kote,Mondesir 1992,kot,Wittmann 1973,usa,Stein 1984,kote,"Michaelis, Rosalie & Muhme 2009"
white,colour,bɾɐ̃ku,blanco,blɑ̃,bɾak,Clements2011,bɾank,Clements2011,bɾãk,Clements2012,bɾaːnku,Clements2012,bɾankə,Clements2012,braŋku,BaxterSilva2004,bɾanku,FernandesBaxter2001,bɾaŋku,Maurer2011,bɾɐ̃ku,Quint1998,brõŋk,Baptista2014,bɾõk,Swolkien2015,bɾãku,Baptista2019,bɾãku,Baptista2019,blɐ̃ku,Bandeira2017,bɐ̃ːŋku,Bandeira2017,bɐ̃ːku,Araujo2012,ubɐ̃ːku,Bandeira2017,bɾɐ̃ku,SilvaAfonsoMachadoCunhaMarquesFernandesGianfranchiJúniorBorgesMartinsZardoLimaMendesTrigo2024,braŋku,Biagui2012,blanku,Quint2000,blanko,Schwegler2013,blaŋku,Diccionario2008,blaŋku,Sippola2011,blaŋku,DeCastro2019,blã,Tobler 1983,blã,Barthèlemi 2007,blã,Valdman et al. 1999,blãʃ,Wittmann 1973,blã,Barbotin & Tourenux 2000,blã,Confiant 2007,blã,Frank 2001,blã,Wittmann 1973,blã,Baker 1982,blã,Baker 1982
who,pro,kɐ̃j,quién,ki,kɛ̃,Clements2011,kẽ,Clements2011,kẽ,Clements2012,keːm,Clements2012,kɛ̃,Clements2012,kɛŋ,BaxterSilva2004,kiŋ,FernandesBaxter2001,kiŋ,Maurer2011,keɲɐ,Quint1998,kẽ,Baptista2014,kẽ,Swolkien2015,keɲɐ,Tavares2020,keɲi,Baptista2019,kẽ,AraujoHagemeijer2013,keŋge,HagemeijerMaurer-CecchiniSegorbe2020,nĩge,Cosme2014,ŋej,Cosme2014,kĩ,SilvaAfonsoMachadoCunhaMarquesFernandesGianfranchiJúniorBorgesMartinsZardoLimaMendesTrigo2024,ki,Biagui2012,kẽ,Quint2000,kjen,Dieck2000,kjen,Diccionario2008,kjen,Sippola2011,kjen,DeCastro2019,kĩ,Tobler 1983,ki,Barthèlemi 2007,ki,Valdman et al. 1999,ki,Wittmann 1973,ki,Barbotin & Tourenux 2000,kimun,Confiant 2007,ki mun ki,Frank 2001,ki,Wittmann 1973,ki sa,Baker 1982,ki,Baker 1982
wide,adjective,ɫaɾgu,ancho,laʁʒ,laɾg,Clements2011,laɾg,Clements2011,laɾg,Clements2012,laɾgu,Callaway1820,laɾg,Clements2012,largu,BaxterSilva2004,la̜ɾgo,FernandesBaxter2001,laɾgu,Maurer2011,laɾgu,Quint1998,lɔɾg,Baptista2019,lɔɾg,Baptista2019,laɾgu,Baptista2019,laɾgu,Baptista2019,lalugu,AraujoHagemeijer2013,bagabaga,HagemeijerMaurer-CecchiniSegorbe2020,lagu,Araujo2012,,,laɾgu,SilvaAfonsoMachadoCunhaMarquesFernandesGianfranchiJúniorBorgesMartinsZardoLimaMendesTrigo2024,largu,Biagui2012,antʃu,JacobsHoyer2018,,,antʃu,Diccionario2008,antʃu,Ocampo1947,antʃu,DeCastro2019,laʒ,Tobler 1983,,,laɾʒ,Valdman et al. 1999,laʒ,Wittmann 1973,laʒ,Barbotin & Tourenux 2000,laʒ,Confiant 2007,laʒ,Mondesir 1992,laɣz,Wittmann 1973,,,laaz,"Michaelis, Rosalie & Muhme 2009"
wife,human,muʎɛɾ,"esposa, mujer","fam, epuz",mulɛɾ,Clements2011,muʎɛɾ,Clements2011,mujɛɾ,Clements2012,mujeːɾa,Clements2012,muʎɛɾ,Clements2012,mule,BaxterSilva2004,muljeɾ,FernandesBaxter2001,muleɾ,Maurer2011,mudʒeɾ,Quint1998,mljeɾ,Baptista2014,amdʒɛɾ,Baptista2019,mudʒe,Baptista2019,mudʒɛɾ,Baptista2019,mwala,Bandeira2017,mjɛle,Bandeira2017,mjɛ,Araujo2012,mẽgai,Bandeira2017,mindʒer,SilvaAfonsoMachadoCunhaMarquesFernandesGianfranchiJúniorBorgesMartinsZardoLimaMendesTrigo2024,miɲɟer,Biagui2012,esposa,JacobsHoyer2018,muhe,Schwegler2000,muheɾ,Diccionario2008,muheɾ,Sippola2011,isposa,DeCastro2019,fam,Tobler 1983,madãm maʁje,Barthèlemi 2007,fam,Valdman et al. 1999,madãm,Wittmann 1973,madãm,Barbotin & Tourenux 2000,madãm,Confiant 2007,madãm,Mondesir 1992,fam,Wittmann 1973,fam,Stein 1984,bɔ̃nfãm,"Michaelis, Rosalie & Muhme 2009"
wind,environment,vẽtu,viento,vɑ̃,ʋɛ̃t,Clements2011,ʋent,Clements2011,ʋẽt,Clements2012,ʋɛːntu,Clements2012,ʋæntə,Clements2012,bentu,BaxterSilva2004,ventu,FernandesBaxter2001,bentu,Maurer2011,bẽu,Quint1998,vẽnt,Baptista2014,vẽt,Baptista2019,bẽtu,Baptista2019,bẽtu,Baptista2019,vɛ̃tu,Bandeira2017,ɔvɛ̃tu,Bandeira2017,uvɛ̃tu,Araujo2012,vɛ̃tu,Bandeira2017,ventʊ,SilvaAfonsoMachadoCunhaMarquesFernandesGianfranchiJúniorBorgesMartinsZardoLimaMendesTrigo2024,,,bjentu,JacobsHoyer2018,,,bjentu,Diccionario2008,bjentu,Sippola2011,bjentu,Camins1999,vã,Tobler 1983,vã,Barthèlemi 2007,vã,Valdman et al. 1999,vã,Wittmann 1973,vã,Barbotin & Tourenux 2000,vã,Confiant 2007,vã,Mondesir 1992,divan,Wittmann 1973,,,ɟivã,"Michaelis, Rosalie & Muhme 2009"
wing,body part,azɐ,ala,ɛl,adz,Clements2011,az,Clements2011,az,Clements2012,aːsa,Clements2012,azə,Clements2012,aza,BaxterSilva2004,asa,FernandesBaxter2001,,,asɐ,Quint1998,aza,Baptista2014,azɐ,Baptista2019,aza,Baptista2019,aza,Baptista2019,azɐ,Bandeira2017,aza,Bandeira2017,azɐ,Araujo2012,aðɐ,Bandeira2017,azɐ,SilvaAfonsoMachadoCunhaMarquesFernandesGianfranchiJúniorBorgesMartinsZardoLimaMendesTrigo2024,ãsa,Biagui2012,ala,JacobsHoyer2018,ala,Moñino2002,alas,Diccionario2008,alas,Sippola2011,,,zɛl,Tobler 1983,zɛl,Barthèlemi 2007,ɛl,Valdman et al. 1999,zɛl,Wittmann 1973,zɛl,Barbotin & Tourenux 2000,zɛl,Confiant 2007,zel,Mondesir 1992,lezel,Wittmann 1973,,,lezel,"Michaelis, Rosalie & Muhme 2009"
wipe,transfer,ɫĩpaɾ,limpiar,esɥije,lipakupan,Clements2011,limpakutɾap,Clements2011,lĩpa,Clements2012,limpaː,Clements2012,limpə,Clements2012,limpa,BaxterSilva2004,esfɾega̹,FernandesBaxter2001,,,lĩpɐ,Quint1998,lĩmpa,Baptista2014,lĩpa,Baptista2019,lĩpɐ,Baptista2019,lĩpɐ,Baptista2019,flɛga,AraujoHagemeijer2013,,,fɛga,Araujo2012,,,lĩmpɐ,SilvaAfonsoMachadoCunhaMarquesFernandesGianfranchiJúniorBorgesMartinsZardoLimaMendesTrigo2024,limpa,Biagui2012,baɾi,JacobsHoyer2018,limpja,Schwegler2000,limpja,Diccionario2008,limpja,Ocampo1947,,,fote,Tobler 1987,fʁote,Barthèlemi 2007,sije,Valdman et al. 1999,sije,Wittmann 1973,swije,Barbotin & Tourenux 2000,swije,Confiant 2007,swije,Mondesir 1992,suje,Wittmann 1973,,,,"Michaelis, Rosalie & Muhme 2009"
with,conj,kõ,con,avɛk,ku,Clements2011,ku,Clements2011,ku,Clements2012,kum,SilvaTrigo2022,,,ku,BaxterSilva2004,ko,FernandesBaxter2001,ka,Maurer2011,ku,Quint1998,ma,Baptista2014,ma,Baptista2019,ku,Baptista2019,ku,Baptista2019,ku,Bandeira2017,ku,Bandeira2017,kõ,Araujo2012,ku,Bandeira2017,ku,SilvaAfonsoMachadoCunhaMarquesFernandesGianfranchiJúniorBorgesMartinsZardoLimaMendesTrigo2024,,,ku,JacobsHoyer2018,ku,Schwegler2000,kon,Diccionario2008,kon,Sippola2011,kon,DeCastro2019,ke,Tobler 1983,ke,Barthèlemi 2007,avɛk,Valdman et al. 1999,ak,Wittmann 1973,epi,Barbotin & Tourenux 2000,epi,Confiant 2007,evɛk,Mondesir 1992,ek,Wittmann 1973,ɛk,Staudacher-Valliamee 2001,avek,"Michaelis, Rosalie & Muhme 2009"
woman,human,muʎɛɾ,mujer,fam,mulɛɾ,Clements2011,muʎɛɾ,Clements2011,mujɛɾ,Clements2012,mujeːɾa,Clements2012,muʎɛɾ,Clements2012,mule,BaxterSilva2004,mulɛ,FernandesBaxter2001,femi,Maurer2011,mudʒeɾ,Quint1998,mieɾ,Baptista2014,amdʒɛɾ,Baptista2019,mudʒe,Baptista2019,mudʒɛɾ,Baptista2019,mwala,Bandeira2017,mjɛle,Bandeira2017,mjɛ,Araujo2012,mẽgai,Bandeira2017,mindʒer,SilvaAfonsoMachadoCunhaMarquesFernandesGianfranchiJúniorBorgesMartinsZardoLimaMendesTrigo2024,miɲɟer,Biagui2012,muhɛ,Quint2000,muhe,Schwegler2000,muheɾ,Diccionario2008,muheɾ,Sippola2011,muheɾ,DeCastro2019,fam,Tobler 1983,fãm,Barthèlemi 2007,fam,Valdman et al. 1999,fãm,Wittmann 1973,fãm,Barbotin & Tourenux 2000,fãm,Confiant 2007,"fãm, madãm, mãmzɛl",Frank 2001,fam,Wittmann 1973,fam,Baker 1982,fam,Baker 1982
worm,animal,miɲɔkɐ,gusano,vɛʁ,bitʃ,Clements2011,bitʃ,Clements2011,bitʃ,Clements2012,biːtʃi,Clements2012,,,tʃatʃiŋ,BaxterSilva2004,bitʃu,FernandesBaxter2001,mioka,Maurer2011,bitʃu,Quint1998,lɐgaɾtɐ,Baptista2019,lɐgaɾtɐ,Baptista2019,bitʃu,Baptista2019,bitʃu,Baptista2019,bisu,Bandeira2017,bisu,Bandeira2017,bisu,Araujo2012,biθu,Bandeira2017,bagabagɐ,SilvaAfonsoMachadoCunhaMarquesFernandesGianfranchiJúniorBorgesMartinsZardoLimaMendesTrigo2024,,,bitʃi,JacobsHoyer2018,mahoho (unk etym.),Schwegler2002,bulati,Diccionario2008,bulati,Sippola2011,gusanu,DeCastro2019,vɛ,Tobler 1987,vɛ,Barthèlemi 2007,vɛɾ,Valdman et al. 1999,vɛ,Wittmann 1973,vɛ,Barbotin & Tourenux 2000,vɛ,Confiant 2007,ve,Mondesir 1992,leveɣ,Wittmann 1973,,,levɛɛdtɛɛ,"Michaelis, Rosalie & Muhme 2009"
year,time,ɐnu,año,"ɑ̃, ane",an,Clements2011,an,Clements2011,an,Clements2012,aːnu,Clements2012,anɛ,Clements2012,anu,BaxterSilva2004,anu,FernandesBaxter2001,anu,Maurer2011,anu,Quint1998,on,Baptista2014,ɔn,Baptista2019,anu,Baptista2019,anu,Baptista2019,ɐ̃nu,AraujoHagemeijer2013,anu,HagemeijerMaurer-CecchiniSegorbe2020,anu,Araujo2012,anu,Cosme2014,anu,SilvaAfonsoMachadoCunhaMarquesFernandesGianfranchiJúniorBorgesMartinsZardoLimaMendesTrigo2024,anu,Biagui2012,aɲa,JacobsHoyer2018,aɲo,BickertonEscalante1970,anjo,Diccionario2008,anju,Sippola2011,aɲu,Camins1999,ane,Tobler 1983,ã,Barthèlemi 2007,an,Valdman et al. 1999,ane,Wittmann 1973,lãne,Barbotin & Tourenux 2000,lãne,Confiant 2007,zã,Mondesir 1992,ane,Wittmann 1973,,,lãnɛ̃,"Michaelis, Rosalie & Muhme 2009"
yellow,colour,ɐmɐɾɛlu,amarillo,ʒon,maɾɛl,Clements2011,maɾɛl,Clements2011,amɾɛl,Clements2012,maɾelo,SilvaTrigo2022,maɾæl,Clements2012,marelu,BaxterSilva2004,maɾilu,FernandesBaxter2001,maɾelu,Maurer2011,maɾɛlu,Quint1998,meɾel,Baptista2019,ɐmɐɾɛl,Baptista2019,maɾelu,Baptista2019,maɾelu,Baptista2019,malɛlu,Bandeira2017,dɔladu,Bandeira2017,marɛlu,Araujo2012,malɛlu,Bandeira2017,amaɾɛlʊ,SilvaAfonsoMachadoCunhaMarquesFernandesGianfranchiJúniorBorgesMartinsZardoLimaMendesTrigo2024,,,hel,Quint2000,amariw,Mercado2026,amaɾilju,Diccionario2008,amaɾilju,Sippola2011,amaɾiʎu,DeCastro2019,ʒɔn,Tobler 1983,ʒɔn,Barthèlemi 2007,ʒon,Valdman et al. 1999,ʒõn,Wittmann 1973,ʒɔ̃n,Barbotin & Tourenux 2000,ʒɔ̃n,Confiant 2007,ʒɔn,Frank 2001,zon,Wittmann 1973,zɔ̃,Baker 1982,zɔ̃,Baker 1982
you (plural),pro,vɔʃ,"vosotros, vosotras, ustedes",vu,,,,,,,botus,Clements2012,,,bolotu,BaxterSilva2004,vosotɾu,FernandesBaxter2001,vosotəɾ,Maurer2011,ɲos,Quint1998,pseʃ,Baptista2014,bzot,Swolkien2015,ɲos,Baptista2019,ɲos,Baptista2019,inɐ̃se,AraujoHagemeijer2013,namsɛː,HagemeijerMaurer-CecchiniSegorbe2020,ɔwɔ,Araujo2012,eθe,Cosme2014,abɔs,SilvaAfonsoMachadoCunhaMarquesFernandesGianfranchiJúniorBorgesMartinsZardoLimaMendesTrigo2024,bos,Biagui2012,boso,JacobsHoyer2018,enu,Schwegler2000,buso,Diccionario2008,tedi,Sippola2011,kamo,DeCastro2019,zɔt,Tobler 1983,u,Barthèlemi 2007,to,Valdman et al. 1999,u,Wittmann 1973,zot,Barbotin & Tourenux 2000,zot,Confiant 2007,zɔt,Mondesir 1992,twa,Wittmann 1973,zot,Stein 1984,to,Baker 1982
you (singular),pro,tu,"tú, vos, usted (formal)","ty, vu",use,Clements2012,use,Clements2012,use,Clements2012,bose,Callaway1820,bosə,Clements2012,bos,BaxterSilva2004,vos,FernandesBaxter2001,bos,Maurer2011,bu,Quint1998,se,Baptista2014,bo,Swolkien2015,bo,Tavares2020,bo,Baptista2019,bo,AraujoHagemeijer2013,bo,HagemeijerMaurer-CecchiniSegorbe2020,tʃi,Araujo2012,bo,Cosme2014,abɔ,SilvaAfonsoMachadoCunhaMarquesFernandesGianfranchiJúniorBorgesMartinsZardoLimaMendesTrigo2024,bo,Biagui2012,bo,Quint2000,bo,Schwegler2000,tu,Diccionario2008,bus,Sippola2011,bo,DeCastro2019,u,Tobler 1983,azɔt,Barthèlemi 2007,vuzɔt,Valdman et al. 1999,zɔt,Wittmann 1973,u,Barbotin & Tourenux 2000,u,Confiant 2007,wu,Mondesir 1992,zot,Wittmann 1973,twe,Baker 1982,u,"Michaelis, Rosalie & Muhme 2009"
Total,,,,,199,,202,,181,,201,,177,,198,,162,,181,,207,,201,,201,,201,,197,,200,,191,,193,,181,,195,,153,,207,,160,,197,,200,,187,,203,,191,,207,,197,,206,,206,,207,,207,,144,,203,